dexnum,name,generation,type1,type2,height,weight,ability1,ability2,hidden_ability,hp,attack,defense,sp_atk,sp_def,speed,total,percent_male,percent_female
1,Bulbasaur,1,Grass,Poison,0.7,6.9,Overgrow,Chlorophyll,,45,49,49,65,65,45,318,87.5,12.5
2,Ivysaur,1,Grass,Poison,1.0,13.0,Overgrow,Chlorophyll,,60,62,63,80,80,60,405,87.5,12.5
3,Venusaur,1,Grass,Poison,2.0,100.0,Overgrow,Chlorophyll,,80,82,83,100,100,80,525,87.5,12.5
4,Charmander,1,Fire,,0.6,8.5,Blaze,Solar Power,,39,52,43,60,50,65,309,87.5,12.5
5,Charmeleon,1,Fire,,1.1,19.0,Blaze,Solar Power,,58,64,58,80,65,80,405,87.5,12.5
6,Charizard,1,Fire,Flying,1.7,90.5,Blaze,Solar Power,,78,84,78,109,85,100,534,87.5,12.5
7,Squirtle,1,Water,,0.5,9.0,Torrent,Rain Dish,,44,48,65,50,64,43,314,87.5,12.5
8,Wartortle,1,Water,,1.0,22.5,Torrent,Rain Dish,,59,63,80,65,80,58,405,87.5,12.5
9,Blastoise,1,Water,,1.6,85.5,Torrent,Rain Dish,,79,83,100,85,105,78,530,87.5,12.5
10,Caterpie,1,Bug,,0.3,2.9,Shield Dust,Run Away,,45,30,35,20,20,45,195,50.0,50.0
11,Metapod,1,Bug,,0.7,9.9,Shed Skin,,,50,20,55,25,25,30,205,50.0,50.0
12,Butterfree,1,Bug,Flying,1.1,32.0,Compound Eyes,Tinted Lens,,60,45,50,90,80,70,395,50.0,50.0
13,Weedle,1,Bug,Poison,0.3,3.2,Shield Dust,Run Away,,40,35,30,20,20,50,195,50.0,50.0
14,Kakuna,1,Bug,Poison,0.6,10.0,Shed Skin,,,45,25,50,25,25,35,205,50.0,50.0
15,Beedrill,1,Bug,Poison,1.0,29.5,Swarm,Sniper,,65,90,40,45,80,75,395,50.0,50.0
16,Pidgey,1,Normal,Flying,0.3,1.8,Keen Eye,Tangled Feet,Big Pecks,40,45,40,35,35,56,251,50.0,50.0
17,Pidgeotto,1,Normal,Flying,1.1,30.0,Keen Eye,Tangled Feet,Big Pecks,63,60,55,50,50,71,349,50.0,50.0
18,Pidgeot,1,Normal,Flying,1.5,39.5,Keen Eye,Tangled Feet,Big Pecks,83,80,75,70,70,101,479,50.0,50.0
19,Rattata,1,Normal,,0.3,3.5,Run Away,Guts,Hustle,30,56,35,25,35,72,253,50.0,50.0
20,Raticate,1,Normal,,0.7,18.5,Run Away,Guts,Hustle,55,81,60,50,70,97,413,50.0,50.0
21,Spearow,1,Normal,Flying,0.3,2.0,Keen Eye,Sniper,,40,60,30,31,31,70,262,50.0,50.0
22,Fearow,1,Normal,Flying,1.2,38.0,Keen Eye,Sniper,,65,90,65,61,61,100,442,50.0,50.0
23,Ekans,1,Poison,,2.0,6.9,Intimidate,Shed Skin,Unnerve,35,60,44,40,54,55,288,50.0,50.0
24,Arbok,1,Poison,,3.5,65.0,Intimidate,Shed Skin,Unnerve,60,95,69,65,79,80,448,50.0,50.0
25,Pikachu,1,Electric,,0.4,6.0,Static,Lightning Rod,,35,55,40,50,50,90,320,50.0,50.0
26,Raichu,1,Electric,,0.8,30.0,Static,Lightning Rod,,60,90,55,90,80,110,485,50.0,50.0
27,Sandshrew,1,Ground,,0.6,12.0,Sand Veil,Sand Rush,,50,75,85,20,30,40,300,50.0,50.0
28,Sandslash,1,Ground,,1.0,29.5,Sand Veil,Sand Rush,,75,100,110,45,55,65,450,50.0,50.0
29,Nidoran♀ (female),1,Poison,,0.4,7.0,Poison Point,Rivalry,Hustle,55,47,52,40,40,41,275,0.0,100.0
30,Nidorina,1,Poison,,0.8,20.0,Poison Point,Rivalry,Hustle,70,62,67,55,55,56,365,0.0,100.0
31,Nidoqueen,1,Poison,Ground,1.3,60.0,Poison Point,Rivalry,Sheer Force,90,92,87,75,85,76,505,0.0,100.0
32,Nidoran♂ (male),1,Poison,,0.5,9.0,Poison Point,Rivalry,Hustle,46,57,40,40,40,50,273,100.0,0.0
33,Nidorino,1,Poison,,0.9,19.5,Poison Point,Rivalry,Hustle,61,72,57,55,55,65,365,100.0,0.0
34,Nidoking,1,Poison,Ground,1.4,62.0,Poison Point,Rivalry,Sheer Force,81,102,77,85,75,85,505,100.0,0.0
35,Clefairy,1,Fairy,,0.6,7.5,Cute Charm,Magic Guard,Friend Guard,70,45,48,60,65,35,323,25.0,75.0
36,Clefable,1,Fairy,,1.3,40.0,Cute Charm,Magic Guard,Unaware,95,70,73,95,90,60,483,25.0,75.0
37,Vulpix,1,Fire,,0.6,9.9,Flash Fire,Drought,,38,41,40,50,65,65,299,25.0,75.0
38,Ninetales,1,Fire,,1.1,19.9,Flash Fire,Drought,,73,76,75,81,100,100,505,25.0,75.0
39,Jigglypuff,1,Normal,Fairy,0.5,5.5,Cute Charm,Competitive,Friend Guard,115,45,20,45,25,20,270,25.0,75.0
40,Wigglytuff,1,Normal,Fairy,1.0,12.0,Cute Charm,Competitive,Frisk,140,70,45,85,50,45,435,25.0,75.0
41,Zubat,1,Poison,Flying,0.8,7.5,Inner Focus,Infiltrator,,40,45,35,30,40,55,245,50.0,50.0
42,Golbat,1,Poison,Flying,1.6,55.0,Inner Focus,Infiltrator,,75,80,70,65,75,90,455,50.0,50.0
43,Oddish,1,Grass,Poison,0.5,5.4,Chlorophyll,Run Away,,45,50,55,75,65,30,320,50.0,50.0
44,Gloom,1,Grass,Poison,0.8,8.6,Chlorophyll,Stench,,60,65,70,85,75,40,395,50.0,50.0
45,Vileplume,1,Grass,Poison,1.2,18.6,Chlorophyll,Effect Spore,,75,80,85,110,90,50,490,50.0,50.0
46,Paras,1,Bug,Grass,0.3,5.4,Effect Spore,Dry Skin,Damp,35,70,55,45,55,25,285,50.0,50.0
47,Parasect,1,Bug,Grass,1.0,29.5,Effect Spore,Dry Skin,Damp,60,95,80,60,80,30,405,50.0,50.0
48,Venonat,1,Bug,Poison,1.0,30.0,Compound Eyes,Tinted Lens,Run Away,60,55,50,40,55,45,305,50.0,50.0
49,Venomoth,1,Bug,Poison,1.5,12.5,Shield Dust,Tinted Lens,Wonder Skin,70,65,60,90,75,90,450,50.0,50.0
50,Diglett,1,Ground,,0.2,0.8,Sand Veil,Arena Trap,Sand Force,10,55,25,35,45,95,265,50.0,50.0
51,Dugtrio,1,Ground,,0.7,33.3,Sand Veil,Arena Trap,Sand Force,35,100,50,50,70,120,425,50.0,50.0
52,Meowth,1,Normal,,0.4,4.2,Pickup,Technician,Unnerve,40,45,35,40,40,90,290,50.0,50.0
53,Persian,1,Normal,,1.0,32.0,Limber,Technician,Unnerve,65,70,60,65,65,115,440,50.0,50.0
54,Psyduck,1,Water,,0.8,19.6,Damp,Cloud Nine,Swift Swim,50,52,48,65,50,55,320,50.0,50.0
55,Golduck,1,Water,,1.7,76.6,Damp,Cloud Nine,Swift Swim,80,82,78,95,80,85,500,50.0,50.0
56,Mankey,1,Fighting,,0.5,28.0,Vital Spirit,Anger Point,Defiant,40,80,35,35,45,70,305,50.0,50.0
57,Primeape,1,Fighting,,1.0,32.0,Vital Spirit,Anger Point,Defiant,65,105,60,60,70,95,455,50.0,50.0
58,Growlithe,1,Fire,,0.7,19.0,Intimidate,Flash Fire,Justified,55,70,45,70,50,60,350,75.0,25.0
59,Arcanine,1,Fire,,1.9,155.0,Intimidate,Flash Fire,Justified,90,110,80,100,80,95,555,75.0,25.0
60,Poliwag,1,Water,,0.6,12.4,Water Absorb,Damp,Swift Swim,40,50,40,40,40,90,300,50.0,50.0
61,Poliwhirl,1,Water,,1.0,20.0,Water Absorb,Damp,Swift Swim,65,65,65,50,50,90,385,50.0,50.0
62,Poliwrath,1,Water,Fighting,1.3,54.0,Water Absorb,Damp,Swift Swim,90,95,95,70,90,70,510,50.0,50.0
63,Abra,1,Psychic,,0.9,19.5,Synchronize,Inner Focus,Magic Guard,25,20,15,105,55,90,310,75.0,25.0
64,Kadabra,1,Psychic,,1.3,56.5,Synchronize,Inner Focus,Magic Guard,40,35,30,120,70,105,400,75.0,25.0
65,Alakazam,1,Psychic,,1.5,48.0,Synchronize,Inner Focus,Magic Guard,55,50,45,135,95,120,500,75.0,25.0
66,Machop,1,Fighting,,0.8,19.5,Guts,No Guard,Steadfast,70,80,50,35,35,35,305,75.0,25.0
67,Machoke,1,Fighting,,1.5,70.5,Guts,No Guard,Steadfast,80,100,70,50,60,45,405,75.0,25.0
68,Machamp,1,Fighting,,1.6,130.0,Guts,No Guard,Steadfast,90,130,80,65,85,55,505,75.0,25.0
69,Bellsprout,1,Grass,Poison,0.7,4.0,Chlorophyll,Gluttony,,50,75,35,70,30,40,300,50.0,50.0
70,Weepinbell,1,Grass,Poison,1.0,6.4,Chlorophyll,Gluttony,,65,90,50,85,45,55,390,50.0,50.0
71,Victreebel,1,Grass,Poison,1.7,15.5,Chlorophyll,Gluttony,,80,105,65,100,70,70,490,50.0,50.0
72,Tentacool,1,Water,Poison,0.9,45.5,Clear Body,Liquid Ooze,Rain Dish,40,40,35,50,100,70,335,50.0,50.0
73,Tentacruel,1,Water,Poison,1.6,55.0,Clear Body,Liquid Ooze,Rain Dish,80,70,65,80,120,100,515,50.0,50.0
74,Geodude,1,Rock,Ground,0.4,20.0,Rock Head,Sturdy,Sand Veil,40,80,100,30,30,20,300,50.0,50.0
75,Graveler,1,Rock,Ground,1.0,105.0,Rock Head,Sturdy,Sand Veil,55,95,115,45,45,35,390,50.0,50.0
76,Golem,1,Rock,Ground,1.4,300.0,Rock Head,Sturdy,Sand Veil,80,120,130,55,65,45,495,50.0,50.0
77,Ponyta,1,Fire,,1.0,30.0,Run Away,Flash Fire,Flame Body,50,85,55,65,65,90,410,50.0,50.0
78,Rapidash,1,Fire,,1.7,95.0,Run Away,Flash Fire,Flame Body,65,100,70,80,80,105,500,50.0,50.0
79,Slowpoke,1,Water,Psychic,1.2,36.0,Oblivious,Own Tempo,Regenerator,90,65,65,40,40,15,315,50.0,50.0
80,Slowbro,1,Water,Psychic,1.6,78.5,Oblivious,Own Tempo,Regenerator,95,75,110,100,80,30,490,50.0,50.0
81,Magnemite,1,Electric,Steel,0.3,6.0,Magnet Pull,Sturdy,Analytic,25,35,70,95,55,45,325,,
82,Magneton,1,Electric,Steel,1.0,60.0,Magnet Pull,Sturdy,Analytic,50,60,95,120,70,70,465,,
83,Farfetch'd,1,Normal,Flying,0.8,15.0,Keen Eye,Inner Focus,Defiant,52,90,55,58,62,60,377,50.0,50.0
84,Doduo,1,Normal,Flying,1.4,39.2,Run Away,Early Bird,Tangled Feet,35,85,45,35,35,75,310,50.0,50.0
85,Dodrio,1,Normal,Flying,1.8,85.2,Run Away,Early Bird,Tangled Feet,60,110,70,60,60,110,470,50.0,50.0
86,Seel,1,Water,,1.1,90.0,Thick Fat,Hydration,Ice Body,65,45,55,45,70,45,325,50.0,50.0
87,Dewgong,1,Water,Ice,1.7,120.0,Thick Fat,Hydration,Ice Body,90,70,80,70,95,70,475,50.0,50.0
88,Grimer,1,Poison,,0.9,30.0,Stench,Sticky Hold,Poison Touch,80,80,50,40,50,25,325,50.0,50.0
89,Muk,1,Poison,,1.2,30.0,Stench,Sticky Hold,Poison Touch,105,105,75,65,100,50,500,50.0,50.0
90,Shellder,1,Water,,0.3,4.0,Shell Armor,Skill Link,Overcoat,30,65,100,45,25,40,305,50.0,50.0
91,Cloyster,1,Water,Ice,1.5,132.5,Shell Armor,Skill Link,Overcoat,50,95,180,85,45,70,525,50.0,50.0
92,Gastly,1,Ghost,Poison,1.3,0.1,Levitate,,,30,35,30,100,35,80,310,50.0,50.0
93,Haunter,1,Ghost,Poison,1.6,0.1,Levitate,,,45,50,45,115,55,95,405,50.0,50.0
94,Gengar,1,Ghost,Poison,1.5,40.5,Cursed Body,,,60,65,60,130,75,110,500,50.0,50.0
95,Onix,1,Rock,Ground,8.8,210.0,Rock Head,Sturdy,Weak Armor,35,45,160,30,45,70,385,50.0,50.0
96,Drowzee,1,Psychic,,1.0,32.4,Insomnia,Forewarn,Inner Focus,60,48,45,43,90,42,328,50.0,50.0
97,Hypno,1,Psychic,,1.6,75.6,Insomnia,Forewarn,Inner Focus,85,73,70,73,115,67,483,50.0,50.0
98,Krabby,1,Water,,0.4,6.5,Hyper Cutter,Shell Armor,Sheer Force,30,105,90,25,25,50,325,50.0,50.0
99,Kingler,1,Water,,1.3,60.0,Hyper Cutter,Shell Armor,Sheer Force,55,130,115,50,50,75,475,50.0,50.0
100,Voltorb,1,Electric,,0.5,10.4,Soundproof,Static,Aftermath,40,30,50,55,55,100,330,,
101,Electrode,1,Electric,,1.2,66.6,Soundproof,Static,Aftermath,60,50,70,80,80,150,490,,
102,Exeggcute,1,Grass,Psychic,0.4,2.5,Chlorophyll,Harvest,,60,40,80,60,45,40,325,50.0,50.0
103,Exeggutor,1,Grass,Psychic,2.0,120.0,Chlorophyll,Harvest,,95,95,85,125,75,55,530,50.0,50.0
104,Cubone,1,Ground,,0.4,6.5,Rock Head,Lightning Rod,Battle Armor,50,50,95,40,50,35,320,50.0,50.0
105,Marowak,1,Ground,,1.0,45.0,Rock Head,Lightning Rod,Battle Armor,60,80,110,50,80,45,425,50.0,50.0
106,Hitmonlee,1,Fighting,,1.5,49.8,Limber,Reckless,Unburden,50,120,53,35,110,87,455,100.0,0.0
107,Hitmonchan,1,Fighting,,1.4,50.2,Keen Eye,Iron Fist,Inner Focus,50,105,79,35,110,76,455,100.0,0.0
108,Lickitung,1,Normal,,1.2,65.5,Own Tempo,Oblivious,Cloud Nine,90,55,75,60,75,30,385,50.0,50.0
109,Koffing,1,Poison,,0.6,1.0,Levitate,Neutralizing Gas,Stench,40,65,95,60,45,35,340,50.0,50.0
110,Weezing,1,Poison,,1.2,9.5,Levitate,Neutralizing Gas,Stench,65,90,120,85,70,60,490,50.0,50.0
111,Rhyhorn,1,Ground,Rock,1.0,115.0,Lightning Rod,Rock Head,Reckless,80,85,95,30,30,25,345,50.0,50.0
112,Rhydon,1,Ground,Rock,1.9,120.0,Lightning Rod,Rock Head,Reckless,105,130,120,45,45,40,485,50.0,50.0
113,Chansey,1,Normal,,1.1,34.6,Natural Cure,Serene Grace,Healer,250,5,5,35,105,50,450,0.0,100.0
114,Tangela,1,Grass,,1.0,35.0,Chlorophyll,Leaf Guard,Regenerator,65,55,115,100,40,60,435,50.0,50.0
115,Kangaskhan,1,Normal,,2.2,80.0,Early Bird,Scrappy,Inner Focus,105,95,80,40,80,90,490,0.0,100.0
116,Horsea,1,Water,,0.4,8.0,Swift Swim,Sniper,Damp,30,40,70,70,25,60,295,50.0,50.0
117,Seadra,1,Water,,1.2,25.0,Poison Point,Sniper,Damp,55,65,95,95,45,85,440,50.0,50.0
118,Goldeen,1,Water,,0.6,15.0,Swift Swim,Water Veil,Lightning Rod,45,67,60,35,50,63,320,50.0,50.0
119,Seaking,1,Water,,1.3,39.0,Swift Swim,Water Veil,Lightning Rod,80,92,65,65,80,68,450,50.0,50.0
120,Staryu,1,Water,,0.8,34.5,Illuminate,Natural Cure,Analytic,30,45,55,70,55,85,340,,
121,Starmie,1,Water,Psychic,1.1,80.0,Illuminate,Natural Cure,Analytic,60,75,85,100,85,115,520,,
122,Mr. Mime,1,Psychic,Fairy,1.3,54.5,Soundproof,Filter,Technician,40,45,65,100,120,90,460,50.0,50.0
123,Scyther,1,Bug,Flying,1.5,56.0,Swarm,Technician,Steadfast,70,110,80,55,80,105,500,50.0,50.0
124,Jynx,1,Ice,Psychic,1.4,40.6,Oblivious,Forewarn,Dry Skin,65,50,35,115,95,95,455,0.0,100.0
125,Electabuzz,1,Electric,,1.1,30.0,Static,Vital Spirit,,65,83,57,95,85,105,490,75.0,25.0
126,Magmar,1,Fire,,1.3,44.5,Flame Body,Vital Spirit,,65,95,57,100,85,93,495,75.0,25.0
127,Pinsir,1,Bug,,1.5,55.0,Hyper Cutter,Mold Breaker,Moxie,65,125,100,55,70,85,500,50.0,50.0
128,Tauros,1,Normal,,1.4,88.4,Intimidate,Anger Point,Sheer Force,75,100,95,40,70,110,490,100.0,0.0
129,Magikarp,1,Water,,0.9,10.0,Swift Swim,Rattled,,20,10,55,15,20,80,200,50.0,50.0
130,Gyarados,1,Water,Flying,6.5,235.0,Intimidate,Moxie,,95,125,79,60,100,81,540,50.0,50.0
131,Lapras,1,Water,Ice,2.5,220.0,Water Absorb,Shell Armor,Hydration,130,85,80,85,95,60,535,50.0,50.0
132,Ditto,1,Normal,,0.3,4.0,Limber,Imposter,,48,48,48,48,48,48,288,,
133,Eevee,1,Normal,,0.3,6.5,Run Away,Adaptability,Anticipation,55,55,50,45,65,55,325,87.5,12.5
134,Vaporeon,1,Water,,1.0,29.0,Water Absorb,Hydration,,130,65,60,110,95,65,525,87.5,12.5
135,Jolteon,1,Electric,,0.8,24.5,Volt Absorb,Quick Feet,,65,65,60,110,95,130,525,87.5,12.5
136,Flareon,1,Fire,,0.9,25.0,Flash Fire,Guts,,65,130,60,95,110,65,525,87.5,12.5
137,Porygon,1,Normal,,0.8,36.5,Trace,Download,Analytic,65,60,70,85,75,40,395,,
138,Omanyte,1,Rock,Water,0.4,7.5,Swift Swim,Shell Armor,Weak Armor,35,40,100,90,55,35,355,87.5,12.5
139,Omastar,1,Rock,Water,1.0,35.0,Swift Swim,Shell Armor,Weak Armor,70,60,125,115,70,55,495,87.5,12.5
140,Kabuto,1,Rock,Water,0.5,11.5,Swift Swim,Battle Armor,Weak Armor,30,80,90,55,45,55,355,87.5,12.5
141,Kabutops,1,Rock,Water,1.3,40.5,Swift Swim,Battle Armor,Weak Armor,60,115,105,65,70,80,495,87.5,12.5
142,Aerodactyl,1,Rock,Flying,1.8,59.0,Rock Head,Pressure,Unnerve,80,105,65,60,75,130,515,87.5,12.5
143,Snorlax,1,Normal,,2.1,460.0,Immunity,Thick Fat,Gluttony,160,110,65,65,110,30,540,87.5,12.5
144,Articuno,1,Ice,Flying,1.7,55.4,Pressure,Snow Cloak,,90,85,100,95,125,85,580,,
145,Zapdos,1,Electric,Flying,1.6,52.6,Pressure,Static,,90,90,85,125,90,100,580,,
146,Moltres,1,Fire,Flying,2.0,60.0,Pressure,Flame Body,,90,100,90,125,85,90,580,,
147,Dratini,1,Dragon,,1.8,3.3,Shed Skin,Marvel Scale,,41,64,45,50,50,50,300,50.0,50.0
148,Dragonair,1,Dragon,,4.0,16.5,Shed Skin,Marvel Scale,,61,84,65,70,70,70,420,50.0,50.0
149,Dragonite,1,Dragon,Flying,2.2,210.0,Inner Focus,Multiscale,,91,134,95,100,100,80,600,50.0,50.0
150,Mewtwo,1,Psychic,,2.0,122.0,Pressure,Unnerve,,106,110,90,154,90,130,680,,
151,Mew,1,Psychic,,0.4,4.0,Synchronize,,,100,100,100,100,100,100,600,,
152,Chikorita,2,Grass,,0.9,6.4,Overgrow,Leaf Guard,,45,49,65,49,65,45,318,87.5,12.5
153,Bayleef,2,Grass,,1.2,15.8,Overgrow,Leaf Guard,,60,62,80,63,80,60,405,87.5,12.5
154,Meganium,2,Grass,,1.8,100.5,Overgrow,Leaf Guard,,80,82,100,83,100,80,525,87.5,12.5
155,Cyndaquil,2,Fire,,0.5,7.9,Blaze,Flash Fire,,39,52,43,60,50,65,309,87.5,12.5
156,Quilava,2,Fire,,0.9,19.0,Blaze,Flash Fire,,58,64,58,80,65,80,405,87.5,12.5
157,Typhlosion,2,Fire,,1.7,79.5,Blaze,Flash Fire,,78,84,78,109,85,100,534,87.5,12.5
158,Totodile,2,Water,,0.6,9.5,Torrent,Sheer Force,,50,65,64,44,48,43,314,87.5,12.5
159,Croconaw,2,Water,,1.1,25.0,Torrent,Sheer Force,,65,80,80,59,63,58,405,87.5,12.5
160,Feraligatr,2,Water,,2.3,88.8,Torrent,Sheer Force,,85,105,100,79,83,78,530,87.5,12.5
161,Sentret,2,Normal,,0.8,6.0,Run Away,Keen Eye,Frisk,35,46,34,35,45,20,215,50.0,50.0
162,Furret,2,Normal,,1.8,32.5,Run Away,Keen Eye,Frisk,85,76,64,45,55,90,415,50.0,50.0
163,Hoothoot,2,Normal,Flying,0.7,21.2,Insomnia,Keen Eye,Tinted Lens,60,30,30,36,56,50,262,50.0,50.0
164,Noctowl,2,Normal,Flying,1.6,40.8,Insomnia,Keen Eye,Tinted Lens,100,50,50,86,96,70,452,50.0,50.0
165,Ledyba,2,Bug,Flying,1.0,10.8,Swarm,Early Bird,Rattled,40,20,30,40,80,55,265,50.0,50.0
166,Ledian,2,Bug,Flying,1.4,35.6,Swarm,Early Bird,Iron Fist,55,35,50,55,110,85,390,50.0,50.0
167,Spinarak,2,Bug,Poison,0.5,8.5,Swarm,Insomnia,Sniper,40,60,40,40,40,30,250,50.0,50.0
168,Ariados,2,Bug,Poison,1.1,33.5,Swarm,Insomnia,Sniper,70,90,70,60,70,40,400,50.0,50.0
169,Crobat,2,Poison,Flying,1.8,75.0,Inner Focus,Infiltrator,,85,90,80,70,80,130,535,50.0,50.0
170,Chinchou,2,Water,Electric,0.5,12.0,Volt Absorb,Illuminate,Water Absorb,75,38,38,56,56,67,330,50.0,50.0
171,Lanturn,2,Water,Electric,1.2,22.5,Volt Absorb,Illuminate,Water Absorb,125,58,58,76,76,67,460,50.0,50.0
172,Pichu,2,Electric,,0.3,2.0,Static,Lightning Rod,,20,40,15,35,35,60,205,50.0,50.0
173,Cleffa,2,Fairy,,0.3,3.0,Cute Charm,Magic Guard,Friend Guard,50,25,28,45,55,15,218,25.0,75.0
174,Igglybuff,2,Normal,Fairy,0.3,1.0,Cute Charm,Competitive,Friend Guard,90,30,15,40,20,15,210,25.0,75.0
175,Togepi,2,Fairy,,0.3,1.5,Hustle,Serene Grace,Super Luck,35,20,65,40,65,20,245,87.5,12.5
176,Togetic,2,Fairy,Flying,0.6,3.2,Hustle,Serene Grace,Super Luck,55,40,85,80,105,40,405,87.5,12.5
177,Natu,2,Psychic,Flying,0.2,2.0,Synchronize,Early Bird,Magic Bounce,40,50,45,70,45,70,320,50.0,50.0
178,Xatu,2,Psychic,Flying,1.5,15.0,Synchronize,Early Bird,Magic Bounce,65,75,70,95,70,95,470,50.0,50.0
179,Mareep,2,Electric,,0.6,7.8,Static,Plus,,55,40,40,65,45,35,280,50.0,50.0
180,Flaaffy,2,Electric,,0.8,13.3,Static,Plus,,70,55,55,80,60,45,365,50.0,50.0
181,Ampharos,2,Electric,,1.4,61.5,Static,Plus,,90,75,85,115,90,55,510,50.0,50.0
182,Bellossom,2,Grass,,0.4,5.8,Chlorophyll,Healer,,75,80,95,90,100,50,490,50.0,50.0
183,Marill,2,Water,Fairy,0.4,8.5,Thick Fat,Huge Power,Sap Sipper,70,20,50,20,50,40,250,50.0,50.0
184,Azumarill,2,Water,Fairy,0.8,28.5,Thick Fat,Huge Power,Sap Sipper,100,50,80,60,80,50,420,50.0,50.0
185,Sudowoodo,2,Rock,,1.2,38.0,Sturdy,Rock Head,Rattled,70,100,115,30,65,30,410,50.0,50.0
186,Politoed,2,Water,,1.1,33.9,Water Absorb,Damp,Drizzle,90,75,75,90,100,70,500,50.0,50.0
187,Hoppip,2,Grass,Flying,0.4,0.5,Chlorophyll,Leaf Guard,Infiltrator,35,35,40,35,55,50,250,50.0,50.0
188,Skiploom,2,Grass,Flying,0.6,1.0,Chlorophyll,Leaf Guard,Infiltrator,55,45,50,45,65,80,340,50.0,50.0
189,Jumpluff,2,Grass,Flying,0.8,3.0,Chlorophyll,Leaf Guard,Infiltrator,75,55,70,55,95,110,460,50.0,50.0
190,Aipom,2,Normal,,0.8,11.5,Run Away,Pickup,Skill Link,55,70,55,40,55,85,360,50.0,50.0
191,Sunkern,2,Grass,,0.3,1.8,Chlorophyll,Solar Power,Early Bird,30,30,30,30,30,30,180,50.0,50.0
192,Sunflora,2,Grass,,0.8,8.5,Chlorophyll,Solar Power,Early Bird,75,75,55,105,85,30,425,50.0,50.0
193,Yanma,2,Bug,Flying,1.2,38.0,Speed Boost,Compound Eyes,Frisk,65,65,45,75,45,95,390,50.0,50.0
194,Wooper,2,Water,Ground,0.4,8.5,Damp,Water Absorb,Unaware,55,45,45,25,25,15,210,50.0,50.0
195,Quagsire,2,Water,Ground,1.4,75.0,Damp,Water Absorb,Unaware,95,85,85,65,65,35,430,50.0,50.0
196,Espeon,2,Psychic,,0.9,26.5,Synchronize,Magic Bounce,,65,65,60,130,95,110,525,87.5,12.5
197,Umbreon,2,Dark,,1.0,27.0,Synchronize,Inner Focus,,95,65,110,60,130,65,525,87.5,12.5
198,Murkrow,2,Dark,Flying,0.5,2.1,Insomnia,Super Luck,Prankster,60,85,42,85,42,91,405,50.0,50.0
199,Slowking,2,Water,Psychic,2.0,79.5,Oblivious,Own Tempo,Regenerator,95,75,80,100,110,30,490,50.0,50.0
200,Misdreavus,2,Ghost,,0.7,1.0,Levitate,,,60,60,60,85,85,85,435,50.0,50.0
201,Unown,2,Psychic,,0.5,5.0,Levitate,,,48,72,48,72,48,48,336,,
202,Wobbuffet,2,Psychic,,1.3,28.5,Shadow Tag,Telepathy,,190,33,58,33,58,33,405,50.0,50.0
203,Girafarig,2,Normal,Psychic,1.5,41.5,Inner Focus,Early Bird,Sap Sipper,70,80,65,90,65,85,455,50.0,50.0
204,Pineco,2,Bug,,0.6,7.2,Sturdy,Overcoat,,50,65,90,35,35,15,290,50.0,50.0
205,Forretress,2,Bug,Steel,1.2,125.8,Sturdy,Overcoat,,75,90,140,60,60,40,465,50.0,50.0
206,Dunsparce,2,Normal,,1.5,14.0,Serene Grace,Run Away,Rattled,100,70,70,65,65,45,415,50.0,50.0
207,Gligar,2,Ground,Flying,1.1,64.8,Hyper Cutter,Sand Veil,Immunity,65,75,105,35,65,85,430,50.0,50.0
208,Steelix,2,Steel,Ground,9.2,400.0,Rock Head,Sturdy,Sheer Force,75,85,200,55,65,30,510,50.0,50.0
209,Snubbull,2,Fairy,,0.6,7.8,Intimidate,Run Away,Rattled,60,80,50,40,40,30,300,25.0,75.0
210,Granbull,2,Fairy,,1.4,48.7,Intimidate,Quick Feet,Rattled,90,120,75,60,60,45,450,25.0,75.0
211,Qwilfish,2,Water,Poison,0.5,3.9,Poison Point,Swift Swim,Intimidate,65,95,85,55,55,85,440,50.0,50.0
212,Scizor,2,Bug,Steel,1.8,118.0,Swarm,Technician,Light Metal,70,130,100,55,80,65,500,50.0,50.0
213,Shuckle,2,Bug,Rock,0.6,20.5,Sturdy,Gluttony,Contrary,20,10,230,10,230,5,505,50.0,50.0
214,Heracross,2,Bug,Fighting,1.5,54.0,Swarm,Guts,Moxie,80,125,75,40,95,85,500,50.0,50.0
215,Sneasel,2,Dark,Ice,0.9,28.0,Inner Focus,Keen Eye,Pickpocket,55,95,55,35,75,115,430,50.0,50.0
216,Teddiursa,2,Normal,,0.6,8.8,Pickup,Quick Feet,Honey Gather,60,80,50,50,50,40,330,50.0,50.0
217,Ursaring,2,Normal,,1.8,125.8,Guts,Quick Feet,Unnerve,90,130,75,75,75,55,500,50.0,50.0
218,Slugma,2,Fire,,0.7,35.0,Magma Armor,Flame Body,Weak Armor,40,40,40,70,40,20,250,50.0,50.0
219,Magcargo,2,Fire,Rock,0.8,55.0,Magma Armor,Flame Body,Weak Armor,60,50,120,90,80,30,430,50.0,50.0
220,Swinub,2,Ice,Ground,0.4,6.5,Oblivious,Snow Cloak,Thick Fat,50,50,40,30,30,50,250,50.0,50.0
221,Piloswine,2,Ice,Ground,1.1,55.8,Oblivious,Snow Cloak,Thick Fat,100,100,80,60,60,50,450,50.0,50.0
222,Corsola,2,Water,Rock,0.6,5.0,Hustle,Natural Cure,Regenerator,65,55,95,65,95,35,410,25.0,75.0
223,Remoraid,2,Water,,0.6,12.0,Hustle,Sniper,Moody,35,65,35,65,35,65,300,50.0,50.0
224,Octillery,2,Water,,0.9,28.5,Suction Cups,Sniper,Moody,75,105,75,105,75,45,480,50.0,50.0
225,Delibird,2,Ice,Flying,0.9,16.0,Vital Spirit,Hustle,Insomnia,45,55,45,65,45,75,330,50.0,50.0
226,Mantine,2,Water,Flying,2.1,220.0,Swift Swim,Water Absorb,Water Veil,85,40,70,80,140,70,485,50.0,50.0
227,Skarmory,2,Steel,Flying,1.7,50.5,Keen Eye,Sturdy,Weak Armor,65,80,140,40,70,70,465,50.0,50.0
228,Houndour,2,Dark,Fire,0.6,10.8,Early Bird,Flash Fire,Unnerve,45,60,30,80,50,65,330,50.0,50.0
229,Houndoom,2,Dark,Fire,1.4,35.0,Early Bird,Flash Fire,Unnerve,75,90,50,110,80,95,500,50.0,50.0
230,Kingdra,2,Water,Dragon,1.8,152.0,Swift Swim,Sniper,Damp,75,95,95,95,95,85,540,50.0,50.0
231,Phanpy,2,Ground,,0.5,33.5,Pickup,Sand Veil,,90,60,60,40,40,40,330,50.0,50.0
232,Donphan,2,Ground,,1.1,120.0,Sturdy,Sand Veil,,90,120,120,60,60,50,500,50.0,50.0
233,Porygon2,2,Normal,,0.6,32.5,Trace,Download,Analytic,85,80,90,105,95,60,515,,
234,Stantler,2,Normal,,1.4,71.2,Intimidate,Frisk,Sap Sipper,73,95,62,85,65,85,465,50.0,50.0
235,Smeargle,2,Normal,,1.2,58.0,Own Tempo,Technician,Moody,55,20,35,20,45,75,250,50.0,50.0
236,Tyrogue,2,Fighting,,0.7,21.0,Guts,Steadfast,Vital Spirit,35,35,35,35,35,35,210,100.0,0.0
237,Hitmontop,2,Fighting,,1.4,48.0,Intimidate,Technician,Steadfast,50,95,95,35,110,70,455,100.0,0.0
238,Smoochum,2,Ice,Psychic,0.4,6.0,Oblivious,Forewarn,Hydration,45,30,15,85,65,65,305,0.0,100.0
239,Elekid,2,Electric,,0.6,23.5,Static,Vital Spirit,,45,63,37,65,55,95,360,75.0,25.0
240,Magby,2,Fire,,0.7,21.4,Flame Body,Vital Spirit,,45,75,37,70,55,83,365,75.0,25.0
241,Miltank,2,Normal,,1.2,75.5,Thick Fat,Scrappy,Sap Sipper,95,80,105,40,70,100,490,0.0,100.0
242,Blissey,2,Normal,,1.5,46.8,Natural Cure,Serene Grace,Healer,255,10,10,75,135,55,540,0.0,100.0
243,Raikou,2,Electric,,1.9,178.0,Pressure,Inner Focus,,90,85,75,115,100,115,580,,
244,Entei,2,Fire,,2.1,198.0,Pressure,Inner Focus,,115,115,85,90,75,100,580,,
245,Suicune,2,Water,,2.0,187.0,Pressure,Inner Focus,,100,75,115,90,115,85,580,,
246,Larvitar,2,Rock,Ground,0.6,72.0,Guts,Sand Veil,,50,64,50,45,50,41,300,50.0,50.0
247,Pupitar,2,Rock,Ground,1.2,152.0,Shed Skin,,,70,84,70,65,70,51,410,50.0,50.0
248,Tyranitar,2,Rock,Dark,2.0,202.0,Sand Stream,Unnerve,,100,134,110,95,100,61,600,50.0,50.0
249,Lugia,2,Psychic,Flying,5.2,216.0,Pressure,Multiscale,,106,90,130,90,154,110,680,,
250,Ho-oh,2,Fire,Flying,3.8,199.0,Pressure,Regenerator,,106,130,90,110,154,90,680,,
251,Celebi,2,Psychic,Grass,0.6,5.0,Natural Cure,,,100,100,100,100,100,100,600,,
252,Treecko,3,Grass,,0.5,5.0,Overgrow,Unburden,,40,45,35,65,55,70,310,87.5,12.5
253,Grovyle,3,Grass,,0.9,21.6,Overgrow,Unburden,,50,65,45,85,65,95,405,87.5,12.5
254,Sceptile,3,Grass,,1.7,52.2,Overgrow,Unburden,,70,85,65,105,85,120,530,87.5,12.5
255,Torchic,3,Fire,,0.4,2.5,Blaze,Speed Boost,,45,60,40,70,50,45,310,87.5,12.5
256,Combusken,3,Fire,Fighting,0.9,19.5,Blaze,Speed Boost,,60,85,60,85,60,55,405,87.5,12.5
257,Blaziken,3,Fire,Fighting,1.9,52.0,Blaze,Speed Boost,,80,120,70,110,70,80,530,87.5,12.5
258,Mudkip,3,Water,,0.4,7.6,Torrent,Damp,,50,70,50,50,50,40,310,87.5,12.5
259,Marshtomp,3,Water,Ground,0.7,28.0,Torrent,Damp,,70,85,70,60,70,50,405,87.5,12.5
260,Swampert,3,Water,Ground,1.5,81.9,Torrent,Damp,,100,110,90,85,90,60,535,87.5,12.5
261,Poochyena,3,Dark,,0.5,13.6,Run Away,Quick Feet,Rattled,35,55,35,30,30,35,220,50.0,50.0
262,Mightyena,3,Dark,,1.0,37.0,Intimidate,Quick Feet,Moxie,70,90,70,60,60,70,420,50.0,50.0
263,Zigzagoon,3,Normal,,0.4,17.5,Pickup,Gluttony,Quick Feet,38,30,41,30,41,60,240,50.0,50.0
264,Linoone,3,Normal,,0.5,32.5,Pickup,Gluttony,Quick Feet,78,70,61,50,61,100,420,50.0,50.0
265,Wurmple,3,Bug,,0.3,3.6,Shield Dust,Run Away,,45,45,35,20,30,20,195,50.0,50.0
266,Silcoon,3,Bug,,0.6,10.0,Shed Skin,,,50,35,55,25,25,15,205,50.0,50.0
267,Beautifly,3,Bug,Flying,1.0,28.4,Swarm,Rivalry,,60,70,50,100,50,65,395,50.0,50.0
268,Cascoon,3,Bug,,0.7,11.5,Shed Skin,,,50,35,55,25,25,15,205,50.0,50.0
269,Dustox,3,Bug,Poison,1.2,31.6,Shield Dust,Compound Eyes,,60,50,70,50,90,65,385,50.0,50.0
270,Lotad,3,Water,Grass,0.5,2.6,Swift Swim,Rain Dish,Own Tempo,40,30,30,40,50,30,220,50.0,50.0
271,Lombre,3,Water,Grass,1.2,32.5,Swift Swim,Rain Dish,Own Tempo,60,50,50,60,70,50,340,50.0,50.0
272,Ludicolo,3,Water,Grass,1.5,55.0,Swift Swim,Rain Dish,Own Tempo,80,70,70,90,100,70,480,50.0,50.0
273,Seedot,3,Grass,,0.5,4.0,Chlorophyll,Early Bird,Pickpocket,40,40,50,30,30,30,220,50.0,50.0
274,Nuzleaf,3,Grass,Dark,1.0,28.0,Chlorophyll,Early Bird,Pickpocket,70,70,40,60,40,60,340,50.0,50.0
275,Shiftry,3,Grass,Dark,1.3,59.6,Chlorophyll,Early Bird,Pickpocket,90,100,60,90,60,80,480,50.0,50.0
276,Taillow,3,Normal,Flying,0.3,2.3,Guts,Scrappy,,40,55,30,30,30,85,270,50.0,50.0
277,Swellow,3,Normal,Flying,0.7,19.8,Guts,Scrappy,,60,85,60,75,50,125,455,50.0,50.0
278,Wingull,3,Water,Flying,0.6,9.5,Keen Eye,Hydration,Rain Dish,40,30,30,55,30,85,270,50.0,50.0
279,Pelipper,3,Water,Flying,1.2,28.0,Keen Eye,Drizzle,Rain Dish,60,50,100,95,70,65,440,50.0,50.0
280,Ralts,3,Psychic,Fairy,0.4,6.6,Synchronize,Trace,Telepathy,28,25,25,45,35,40,198,50.0,50.0
281,Kirlia,3,Psychic,Fairy,0.8,20.2,Synchronize,Trace,Telepathy,38,35,35,65,55,50,278,50.0,50.0
282,Gardevoir,3,Psychic,Fairy,1.6,48.4,Synchronize,Trace,Telepathy,68,65,65,125,115,80,518,50.0,50.0
283,Surskit,3,Bug,Water,0.5,1.7,Swift Swim,Rain Dish,,40,30,32,50,52,65,269,50.0,50.0
284,Masquerain,3,Bug,Flying,0.8,3.6,Intimidate,Unnerve,,70,60,62,100,82,80,454,50.0,50.0
285,Shroomish,3,Grass,,0.4,4.5,Effect Spore,Poison Heal,Quick Feet,60,40,60,40,60,35,295,50.0,50.0
286,Breloom,3,Grass,Fighting,1.2,39.2,Effect Spore,Poison Heal,Technician,60,130,80,60,60,70,460,50.0,50.0
287,Slakoth,3,Normal,,0.8,24.0,Truant,,,60,60,60,35,35,30,280,50.0,50.0
288,Vigoroth,3,Normal,,1.4,46.5,Vital Spirit,,,80,80,80,55,55,90,440,50.0,50.0
289,Slaking,3,Normal,,2.0,130.5,Truant,,,150,160,100,95,65,100,670,50.0,50.0
290,Nincada,3,Bug,Ground,0.5,5.5,Compound Eyes,Run Away,,31,45,90,30,30,40,266,50.0,50.0
291,Ninjask,3,Bug,Flying,0.8,12.0,Speed Boost,Infiltrator,,61,90,45,50,50,160,456,50.0,50.0
292,Shedinja,3,Bug,Ghost,0.8,1.2,Wonder Guard,,,1,90,45,30,30,40,236,,
293,Whismur,3,Normal,,0.6,16.3,Soundproof,Rattled,,64,51,23,51,23,28,240,50.0,50.0
294,Loudred,3,Normal,,1.0,40.5,Soundproof,Scrappy,,84,71,43,71,43,48,360,50.0,50.0
295,Exploud,3,Normal,,1.5,84.0,Soundproof,Scrappy,,104,91,63,91,73,68,490,50.0,50.0
296,Makuhita,3,Fighting,,1.0,86.4,Thick Fat,Guts,Sheer Force,72,60,30,20,30,25,237,75.0,25.0
297,Hariyama,3,Fighting,,2.3,253.8,Thick Fat,Guts,Sheer Force,144,120,60,40,60,50,474,75.0,25.0
298,Azurill,3,Normal,Fairy,0.2,2.0,Thick Fat,Huge Power,Sap Sipper,50,20,40,20,40,20,190,25.0,75.0
299,Nosepass,3,Rock,,1.0,97.0,Sturdy,Magnet Pull,Sand Force,30,45,135,45,90,30,375,50.0,50.0
300,Skitty,3,Normal,,0.6,11.0,Cute Charm,Normalize,Wonder Skin,50,45,45,35,35,50,260,25.0,75.0
301,Delcatty,3,Normal,,1.1,32.6,Cute Charm,Normalize,Wonder Skin,70,65,65,55,55,90,400,25.0,75.0
302,Sableye,3,Dark,Ghost,0.5,11.0,Keen Eye,Stall,Prankster,50,75,75,65,65,50,380,50.0,50.0
303,Mawile,3,Steel,Fairy,0.6,11.5,Hyper Cutter,Intimidate,Sheer Force,50,85,85,55,55,50,380,50.0,50.0
304,Aron,3,Steel,Rock,0.4,60.0,Sturdy,Rock Head,Heavy Metal,50,70,100,40,40,30,330,50.0,50.0
305,Lairon,3,Steel,Rock,0.9,120.0,Sturdy,Rock Head,Heavy Metal,60,90,140,50,50,40,430,50.0,50.0
306,Aggron,3,Steel,Rock,2.1,360.0,Sturdy,Rock Head,Heavy Metal,70,110,180,60,60,50,530,50.0,50.0
307,Meditite,3,Fighting,Psychic,0.6,11.2,Pure Power,Telepathy,,30,40,55,40,55,60,280,50.0,50.0
308,Medicham,3,Fighting,Psychic,1.3,31.5,Pure Power,Telepathy,,60,60,75,60,75,80,410,50.0,50.0
309,Electrike,3,Electric,,0.6,15.2,Static,Lightning Rod,Minus,40,45,40,65,40,65,295,50.0,50.0
310,Manectric,3,Electric,,1.5,40.2,Static,Lightning Rod,Minus,70,75,60,105,60,105,475,50.0,50.0
311,Plusle,3,Electric,,0.4,4.2,Plus,Lightning Rod,,60,50,40,85,75,95,405,50.0,50.0
312,Minun,3,Electric,,0.4,4.2,Minus,Volt Absorb,,60,40,50,75,85,95,405,50.0,50.0
313,Volbeat,3,Bug,,0.7,17.7,Illuminate,Swarm,Prankster,65,73,75,47,85,85,430,100.0,0.0
314,Illumise,3,Bug,,0.6,17.7,Oblivious,Tinted Lens,Prankster,65,47,75,73,85,85,430,0.0,100.0
315,Roselia,3,Grass,Poison,0.3,2.0,Natural Cure,Poison Point,Leaf Guard,50,60,45,100,80,65,400,50.0,50.0
316,Gulpin,3,Poison,,0.4,10.3,Liquid Ooze,Sticky Hold,Gluttony,70,43,53,43,53,40,302,50.0,50.0
317,Swalot,3,Poison,,1.7,80.0,Liquid Ooze,Sticky Hold,Gluttony,100,73,83,73,83,55,467,50.0,50.0
318,Carvanha,3,Water,Dark,0.8,20.8,Rough Skin,Speed Boost,,45,90,20,65,20,65,305,50.0,50.0
319,Sharpedo,3,Water,Dark,1.8,88.8,Rough Skin,Speed Boost,,70,120,40,95,40,95,460,50.0,50.0
320,Wailmer,3,Water,,2.0,130.0,Water Veil,Oblivious,Pressure,130,70,35,70,35,60,400,50.0,50.0
321,Wailord,3,Water,,14.5,398.0,Water Veil,Oblivious,Pressure,170,90,45,90,45,60,500,50.0,50.0
322,Numel,3,Fire,Ground,0.7,24.0,Oblivious,Simple,Own Tempo,60,60,40,65,45,35,305,50.0,50.0
323,Camerupt,3,Fire,Ground,1.9,220.0,Magma Armor,Solid Rock,Anger Point,70,100,70,105,75,40,460,50.0,50.0
324,Torkoal,3,Fire,,0.5,80.4,White Smoke,Drought,Shell Armor,70,85,140,85,70,20,470,50.0,50.0
325,Spoink,3,Psychic,,0.7,30.6,Thick Fat,Own Tempo,Gluttony,60,25,35,70,80,60,330,50.0,50.0
326,Grumpig,3,Psychic,,0.9,71.5,Thick Fat,Own Tempo,Gluttony,80,45,65,90,110,80,470,50.0,50.0
327,Spinda,3,Normal,,1.1,5.0,Own Tempo,Tangled Feet,Contrary,60,60,60,60,60,60,360,50.0,50.0
328,Trapinch,3,Ground,,0.7,15.0,Hyper Cutter,Arena Trap,Sheer Force,45,100,45,45,45,10,290,50.0,50.0
329,Vibrava,3,Ground,Dragon,1.1,15.3,Levitate,,,50,70,50,50,50,70,340,50.0,50.0
330,Flygon,3,Ground,Dragon,2.0,82.0,Levitate,,,80,100,80,80,80,100,520,50.0,50.0
331,Cacnea,3,Grass,,0.4,51.3,Sand Veil,Water Absorb,,50,85,40,85,40,35,335,50.0,50.0
332,Cacturne,3,Grass,Dark,1.3,77.4,Sand Veil,Water Absorb,,70,115,60,115,60,55,475,50.0,50.0
333,Swablu,3,Normal,Flying,0.4,1.2,Natural Cure,Cloud Nine,,45,40,60,40,75,50,310,50.0,50.0
334,Altaria,3,Dragon,Flying,1.1,20.6,Natural Cure,Cloud Nine,,75,70,90,70,105,80,490,50.0,50.0
335,Zangoose,3,Normal,,1.3,40.3,Immunity,Toxic Boost,,73,115,60,60,60,90,458,50.0,50.0
336,Seviper,3,Poison,,2.7,52.5,Shed Skin,Infiltrator,,73,100,60,100,60,65,458,50.0,50.0
337,Lunatone,3,Rock,Psychic,1.0,168.0,Levitate,,,90,55,65,95,85,70,460,,
338,Solrock,3,Rock,Psychic,1.2,154.0,Levitate,,,90,95,85,55,65,70,460,,
339,Barboach,3,Water,Ground,0.4,1.9,Oblivious,Anticipation,Hydration,50,48,43,46,41,60,288,50.0,50.0
340,Whiscash,3,Water,Ground,0.9,23.6,Oblivious,Anticipation,Hydration,110,78,73,76,71,60,468,50.0,50.0
341,Corphish,3,Water,,0.6,11.5,Hyper Cutter,Shell Armor,Adaptability,43,80,65,50,35,35,308,50.0,50.0
342,Crawdaunt,3,Water,Dark,1.1,32.8,Hyper Cutter,Shell Armor,Adaptability,63,120,85,90,55,55,468,50.0,50.0
343,Baltoy,3,Ground,Psychic,0.5,21.5,Levitate,,,40,40,55,40,70,55,300,,
344,Claydol,3,Ground,Psychic,1.5,108.0,Levitate,,,60,70,105,70,120,75,500,,
345,Lileep,3,Rock,Grass,1.0,23.8,Suction Cups,Storm Drain,,66,41,77,61,87,23,355,87.5,12.5
346,Cradily,3,Rock,Grass,1.5,60.4,Suction Cups,Storm Drain,,86,81,97,81,107,43,495,87.5,12.5
347,Anorith,3,Rock,Bug,0.7,12.5,Battle Armor,Swift Swim,,45,95,50,40,50,75,355,87.5,12.5
348,Armaldo,3,Rock,Bug,1.5,68.2,Battle Armor,Swift Swim,,75,125,100,70,80,45,495,87.5,12.5
349,Feebas,3,Water,,0.6,7.4,Swift Swim,Oblivious,Adaptability,20,15,20,10,55,80,200,50.0,50.0
350,Milotic,3,Water,,6.2,162.0,Marvel Scale,Competitive,Cute Charm,95,60,79,100,125,81,540,50.0,50.0
351,Castform,3,Normal,,0.3,0.8,Forecast,,,70,70,70,70,70,70,420,50.0,50.0
352,Kecleon,3,Normal,,1.0,22.0,Color Change,Protean,,60,90,70,60,120,40,440,50.0,50.0
353,Shuppet,3,Ghost,,0.6,2.3,Insomnia,Frisk,Cursed Body,44,75,35,63,33,45,295,50.0,50.0
354,Banette,3,Ghost,,1.1,12.5,Insomnia,Frisk,Cursed Body,64,115,65,83,63,65,455,50.0,50.0
355,Duskull,3,Ghost,,0.8,15.0,Levitate,Frisk,,20,40,90,30,90,25,295,50.0,50.0
356,Dusclops,3,Ghost,,1.6,30.6,Pressure,Frisk,,40,70,130,60,130,25,455,50.0,50.0
357,Tropius,3,Grass,Flying,2.0,100.0,Chlorophyll,Solar Power,Harvest,99,68,83,72,87,51,460,50.0,50.0
358,Chimecho,3,Psychic,,0.6,1.0,Levitate,,,75,50,80,95,90,65,455,50.0,50.0
359,Absol,3,Dark,,1.2,47.0,Pressure,Super Luck,Justified,65,130,60,75,60,75,465,50.0,50.0
360,Wynaut,3,Psychic,,0.6,14.0,Shadow Tag,Telepathy,,95,23,48,23,48,23,260,50.0,50.0
361,Snorunt,3,Ice,,0.7,16.8,Inner Focus,Ice Body,Moody,50,50,50,50,50,50,300,50.0,50.0
362,Glalie,3,Ice,,1.5,256.5,Inner Focus,Ice Body,Moody,80,80,80,80,80,80,480,50.0,50.0
363,Spheal,3,Ice,Water,0.8,39.5,Thick Fat,Ice Body,Oblivious,70,40,50,55,50,25,290,50.0,50.0
364,Sealeo,3,Ice,Water,1.1,87.6,Thick Fat,Ice Body,Oblivious,90,60,70,75,70,45,410,50.0,50.0
365,Walrein,3,Ice,Water,1.4,150.6,Thick Fat,Ice Body,Oblivious,110,80,90,95,90,65,530,50.0,50.0
366,Clamperl,3,Water,,0.4,52.5,Shell Armor,Rattled,,35,64,85,74,55,32,345,50.0,50.0
367,Huntail,3,Water,,1.7,27.0,Swift Swim,Water Veil,,55,104,105,94,75,52,485,50.0,50.0
368,Gorebyss,3,Water,,1.8,22.6,Swift Swim,Hydration,,55,84,105,114,75,52,485,50.0,50.0
369,Relicanth,3,Water,Rock,1.0,23.4,Swift Swim,Rock Head,Sturdy,100,90,130,45,65,55,485,87.5,12.5
370,Luvdisc,3,Water,,0.6,8.7,Swift Swim,Hydration,,43,30,55,40,65,97,330,25.0,75.0
371,Bagon,3,Dragon,,0.6,42.1,Rock Head,Sheer Force,,45,75,60,40,30,50,300,50.0,50.0
372,Shelgon,3,Dragon,,1.1,110.5,Rock Head,Overcoat,,65,95,100,60,50,50,420,50.0,50.0
373,Salamence,3,Dragon,Flying,1.5,102.6,Intimidate,Moxie,,95,135,80,110,80,100,600,50.0,50.0
374,Beldum,3,Steel,Psychic,0.6,95.2,Clear Body,Light Metal,,40,55,80,35,60,30,300,,
375,Metang,3,Steel,Psychic,1.2,202.5,Clear Body,Light Metal,,60,75,100,55,80,50,420,,
376,Metagross,3,Steel,Psychic,1.6,550.0,Clear Body,Light Metal,,80,135,130,95,90,70,600,,
377,Regirock,3,Rock,,1.7,230.0,Clear Body,Sturdy,,80,100,200,50,100,50,580,,
378,Regice,3,Ice,,1.8,175.0,Clear Body,Ice Body,,80,50,100,100,200,50,580,,
379,Registeel,3,Steel,,1.9,205.0,Clear Body,Light Metal,,80,75,150,75,150,50,580,,
380,Latias,3,Dragon,Psychic,1.4,40.0,Levitate,,,80,80,90,110,130,110,600,0.0,100.0
381,Latios,3,Dragon,Psychic,2.0,60.0,Levitate,,,80,90,80,130,110,110,600,100.0,0.0
382,Kyogre,3,Water,,4.5,352.0,Drizzle,,,100,100,90,150,140,90,670,,
383,Groudon,3,Ground,,3.5,950.0,Drought,,,100,150,140,100,90,90,670,,
384,Rayquaza,3,Dragon,Flying,7.0,206.5,Air Lock,,,105,150,90,150,90,95,680,,
385,Jirachi,3,Steel,Psychic,0.3,1.1,Serene Grace,,,100,100,100,100,100,100,600,,
386,Deoxys,3,Psychic,,1.7,60.8,Pressure,,,50,150,50,150,50,150,600,,
387,Turtwig,4,Grass,,0.4,10.2,Overgrow,Shell Armor,,55,68,64,45,55,31,318,87.5,12.5
388,Grotle,4,Grass,,1.1,97.0,Overgrow,Shell Armor,,75,89,85,55,65,36,405,87.5,12.5
389,Torterra,4,Grass,Ground,2.2,310.0,Overgrow,Shell Armor,,95,109,105,75,85,56,525,87.5,12.5
390,Chimchar,4,Fire,,0.5,6.2,Blaze,Iron Fist,,44,58,44,58,44,61,309,87.5,12.5
391,Monferno,4,Fire,Fighting,0.9,22.0,Blaze,Iron Fist,,64,78,52,78,52,81,405,87.5,12.5
392,Infernape,4,Fire,Fighting,1.2,55.0,Blaze,Iron Fist,,76,104,71,104,71,108,534,87.5,12.5
393,Piplup,4,Water,,0.4,5.2,Torrent,Defiant,,53,51,53,61,56,40,314,87.5,12.5
394,Prinplup,4,Water,,0.8,23.0,Torrent,Defiant,,64,66,68,81,76,50,405,87.5,12.5
395,Empoleon,4,Water,Steel,1.7,84.5,Torrent,Defiant,,84,86,88,111,101,60,530,87.5,12.5
396,Starly,4,Normal,Flying,0.3,2.0,Keen Eye,Reckless,,40,55,30,30,30,60,245,50.0,50.0
397,Staravia,4,Normal,Flying,0.6,15.5,Intimidate,Reckless,,55,75,50,40,40,80,340,50.0,50.0
398,Staraptor,4,Normal,Flying,1.2,24.9,Intimidate,Reckless,,85,120,70,50,60,100,485,50.0,50.0
399,Bidoof,4,Normal,,0.5,20.0,Simple,Unaware,Moody,59,45,40,35,40,31,250,50.0,50.0
400,Bibarel,4,Normal,Water,1.0,31.5,Simple,Unaware,Moody,79,85,60,55,60,71,410,50.0,50.0
401,Kricketot,4,Bug,,0.3,2.2,Shed Skin,Run Away,,37,25,41,25,41,25,194,50.0,50.0
402,Kricketune,4,Bug,,1.0,25.5,Swarm,Technician,,77,85,51,55,51,65,384,50.0,50.0
403,Shinx,4,Electric,,0.5,9.5,Rivalry,Intimidate,Guts,45,65,34,40,34,45,263,50.0,50.0
404,Luxio,4,Electric,,0.9,30.5,Rivalry,Intimidate,Guts,60,85,49,60,49,60,363,50.0,50.0
405,Luxray,4,Electric,,1.4,42.0,Rivalry,Intimidate,Guts,80,120,79,95,79,70,523,50.0,50.0
406,Budew,4,Grass,Poison,0.2,1.2,Natural Cure,Poison Point,Leaf Guard,40,30,35,50,70,55,280,50.0,50.0
407,Roserade,4,Grass,Poison,0.9,14.5,Natural Cure,Poison Point,Technician,60,70,65,125,105,90,515,50.0,50.0
408,Cranidos,4,Rock,,0.9,31.5,Mold Breaker,Sheer Force,,67,125,40,30,30,58,350,87.5,12.5
409,Rampardos,4,Rock,,1.6,102.5,Mold Breaker,Sheer Force,,97,165,60,65,50,58,495,87.5,12.5
410,Shieldon,4,Rock,Steel,0.5,57.0,Sturdy,Soundproof,,30,42,118,42,88,30,350,87.5,12.5
411,Bastiodon,4,Rock,Steel,1.3,149.5,Sturdy,Soundproof,,60,52,168,47,138,30,495,87.5,12.5
412,Burmy,4,Bug,,0.2,3.4,Shed Skin,Overcoat,,40,29,45,29,45,36,224,50.0,50.0
413,Wormadam,4,Bug,Grass,0.5,6.5,Anticipation,Overcoat,,60,59,85,79,105,36,424,0.0,100.0
414,Mothim,4,Bug,Flying,0.9,23.3,Swarm,Tinted Lens,,70,94,50,94,50,66,424,100.0,0.0
415,Combee,4,Bug,Flying,0.3,5.5,Honey Gather,Hustle,,30,30,42,30,42,70,244,87.5,12.5
416,Vespiquen,4,Bug,Flying,1.2,38.5,Pressure,Unnerve,,70,80,102,80,102,40,474,0.0,100.0
417,Pachirisu,4,Electric,,0.4,3.9,Run Away,Pickup,Volt Absorb,60,45,70,45,90,95,405,50.0,50.0
418,Buizel,4,Water,,0.7,29.5,Swift Swim,Water Veil,,55,65,35,60,30,85,330,50.0,50.0
419,Floatzel,4,Water,,1.1,33.5,Swift Swim,Water Veil,,85,105,55,85,50,115,495,50.0,50.0
420,Cherubi,4,Grass,,0.4,3.3,Chlorophyll,,,45,35,45,62,53,35,275,50.0,50.0
421,Cherrim,4,Grass,,0.5,9.3,Flower Gift,,,70,60,70,87,78,85,450,50.0,50.0
422,Shellos,4,Water,,0.3,6.3,Sticky Hold,Storm Drain,Sand Force,76,48,48,57,62,34,325,50.0,50.0
423,Gastrodon,4,Water,Ground,0.9,29.9,Sticky Hold,Storm Drain,Sand Force,111,83,68,92,82,39,475,50.0,50.0
424,Ambipom,4,Normal,,1.2,20.3,Technician,Pickup,Skill Link,75,100,66,60,66,115,482,50.0,50.0
425,Drifloon,4,Ghost,Flying,0.4,1.2,Aftermath,Unburden,Flare Boost,90,50,34,60,44,70,348,50.0,50.0
426,Drifblim,4,Ghost,Flying,1.2,15.0,Aftermath,Unburden,Flare Boost,150,80,44,90,54,80,498,50.0,50.0
427,Buneary,4,Normal,,0.4,5.5,Run Away,Klutz,Limber,55,66,44,44,56,85,350,50.0,50.0
428,Lopunny,4,Normal,,1.2,33.3,Cute Charm,Klutz,Limber,65,76,84,54,96,105,480,50.0,50.0
429,Mismagius,4,Ghost,,0.9,4.4,Levitate,,,60,60,60,105,105,105,495,50.0,50.0
430,Honchkrow,4,Dark,Flying,0.9,27.3,Insomnia,Super Luck,Moxie,100,125,52,105,52,71,505,50.0,50.0
431,Glameow,4,Normal,,0.5,3.9,Limber,Own Tempo,Keen Eye,49,55,42,42,37,85,310,25.0,75.0
432,Purugly,4,Normal,,1.0,43.8,Thick Fat,Own Tempo,Defiant,71,82,64,64,59,112,452,25.0,75.0
433,Chingling,4,Psychic,,0.2,0.6,Levitate,,,45,30,50,65,50,45,285,50.0,50.0
434,Stunky,4,Poison,Dark,0.4,19.2,Stench,Aftermath,Keen Eye,63,63,47,41,41,74,329,50.0,50.0
435,Skuntank,4,Poison,Dark,1.0,38.0,Stench,Aftermath,Keen Eye,103,93,67,71,61,84,479,50.0,50.0
436,Bronzor,4,Steel,Psychic,0.5,60.5,Levitate,Heatproof,Heavy Metal,57,24,86,24,86,23,300,,
437,Bronzong,4,Steel,Psychic,1.3,187.0,Levitate,Heatproof,Heavy Metal,67,89,116,79,116,33,500,,
438,Bonsly,4,Rock,,0.5,15.0,Sturdy,Rock Head,Rattled,50,80,95,10,45,10,290,50.0,50.0
439,Mime Jr.,4,Psychic,Fairy,0.6,13.0,Soundproof,Filter,Technician,20,25,45,70,90,60,310,50.0,50.0
440,Happiny,4,Normal,,0.6,24.4,Natural Cure,Serene Grace,Friend Guard,100,5,5,15,65,30,220,0.0,100.0
441,Chatot,4,Normal,Flying,0.5,1.9,Keen Eye,Tangled Feet,Big Pecks,76,65,45,92,42,91,411,50.0,50.0
442,Spiritomb,4,Ghost,Dark,1.0,108.0,Pressure,Infiltrator,,50,92,108,92,108,35,485,50.0,50.0
443,Gible,4,Dragon,Ground,0.7,20.5,Sand Veil,Rough Skin,,58,70,45,40,45,42,300,50.0,50.0
444,Gabite,4,Dragon,Ground,1.4,56.0,Sand Veil,Rough Skin,,68,90,65,50,55,82,410,50.0,50.0
445,Garchomp,4,Dragon,Ground,1.9,95.0,Sand Veil,Rough Skin,,108,130,95,80,85,102,600,50.0,50.0
446,Munchlax,4,Normal,,0.6,105.0,Pickup,Thick Fat,Gluttony,135,85,40,40,85,5,390,87.5,12.5
447,Riolu,4,Fighting,,0.7,20.2,Steadfast,Inner Focus,Prankster,40,70,40,35,40,60,285,87.5,12.5
448,Lucario,4,Fighting,Steel,1.2,54.0,Steadfast,Inner Focus,Justified,70,110,70,115,70,90,525,87.5,12.5
449,Hippopotas,4,Ground,,0.8,49.5,Sand Stream,Sand Force,,68,72,78,38,42,32,330,50.0,50.0
450,Hippowdon,4,Ground,,2.0,300.0,Sand Stream,Sand Force,,108,112,118,68,72,47,525,50.0,50.0
451,Skorupi,4,Poison,Bug,0.8,12.0,Battle Armor,Sniper,Keen Eye,40,50,90,30,55,65,330,50.0,50.0
452,Drapion,4,Poison,Dark,1.3,61.5,Battle Armor,Sniper,Keen Eye,70,90,110,60,75,95,500,50.0,50.0
453,Croagunk,4,Poison,Fighting,0.7,23.0,Anticipation,Dry Skin,Poison Touch,48,61,40,61,40,50,300,50.0,50.0
454,Toxicroak,4,Poison,Fighting,1.3,44.4,Anticipation,Dry Skin,Poison Touch,83,106,65,86,65,85,490,50.0,50.0
455,Carnivine,4,Grass,,1.4,27.0,Levitate,,,74,100,72,90,72,46,454,50.0,50.0
456,Finneon,4,Water,,0.4,7.0,Swift Swim,Storm Drain,Water Veil,49,49,56,49,61,66,330,50.0,50.0
457,Lumineon,4,Water,,1.2,24.0,Swift Swim,Storm Drain,Water Veil,69,69,76,69,86,91,460,50.0,50.0
458,Mantyke,4,Water,Flying,1.0,65.0,Swift Swim,Water Absorb,Water Veil,45,20,50,60,120,50,345,50.0,50.0
459,Snover,4,Grass,Ice,1.0,50.5,Snow Warning,Soundproof,,60,62,50,62,60,40,334,50.0,50.0
460,Abomasnow,4,Grass,Ice,2.2,135.5,Snow Warning,Soundproof,,90,92,75,92,85,60,494,50.0,50.0
461,Weavile,4,Dark,Ice,1.1,34.0,Pressure,Pickpocket,,70,120,65,45,85,125,510,50.0,50.0
462,Magnezone,4,Electric,Steel,1.2,180.0,Magnet Pull,Sturdy,Analytic,70,70,115,130,90,60,535,,
463,Lickilicky,4,Normal,,1.7,140.0,Own Tempo,Oblivious,Cloud Nine,110,85,95,80,95,50,515,50.0,50.0
464,Rhyperior,4,Ground,Rock,2.4,282.8,Lightning Rod,Solid Rock,Reckless,115,140,130,55,55,40,535,50.0,50.0
465,Tangrowth,4,Grass,,2.0,128.6,Chlorophyll,Leaf Guard,Regenerator,100,100,125,110,50,50,535,50.0,50.0
466,Electivire,4,Electric,,1.8,138.6,Motor Drive,Vital Spirit,,75,123,67,95,85,95,540,75.0,25.0
467,Magmortar,4,Fire,,1.6,68.0,Flame Body,Vital Spirit,,75,95,67,125,95,83,540,75.0,25.0
468,Togekiss,4,Fairy,Flying,1.5,38.0,Hustle,Serene Grace,Super Luck,85,50,95,120,115,80,545,87.5,12.5
469,Yanmega,4,Bug,Flying,1.9,51.5,Speed Boost,Tinted Lens,Frisk,86,76,86,116,56,95,515,50.0,50.0
470,Leafeon,4,Grass,,1.0,25.5,Leaf Guard,Chlorophyll,,65,110,130,60,65,95,525,87.5,12.5
471,Glaceon,4,Ice,,0.8,25.9,Snow Cloak,Ice Body,,65,60,110,130,95,65,525,87.5,12.5
472,Gliscor,4,Ground,Flying,2.0,42.5,Hyper Cutter,Sand Veil,Poison Heal,75,95,125,45,75,95,510,50.0,50.0
473,Mamoswine,4,Ice,Ground,2.5,291.0,Oblivious,Snow Cloak,Thick Fat,110,130,80,70,60,80,530,50.0,50.0
474,Porygon-Z,4,Normal,,0.9,34.0,Adaptability,Download,Analytic,85,80,70,135,75,90,535,,
475,Gallade,4,Psychic,Fighting,1.6,52.0,Steadfast,Sharpness,Justified,68,125,65,65,115,80,518,100.0,0.0
476,Probopass,4,Rock,Steel,1.4,340.0,Sturdy,Magnet Pull,Sand Force,60,55,145,75,150,40,525,50.0,50.0
477,Dusknoir,4,Ghost,,2.2,106.6,Pressure,Frisk,,45,100,135,65,135,45,525,50.0,50.0
478,Froslass,4,Ice,Ghost,1.3,26.6,Snow Cloak,Cursed Body,,70,80,70,80,70,110,480,0.0,100.0
479,Rotom,4,Electric,Ghost,0.3,0.3,Levitate,,,50,50,77,95,77,91,440,,
480,Uxie,4,Psychic,,0.3,0.3,Levitate,,,75,75,130,75,130,95,580,,
481,Mesprit,4,Psychic,,0.3,0.3,Levitate,,,80,105,105,105,105,80,580,,
482,Azelf,4,Psychic,,0.3,0.3,Levitate,,,75,125,70,125,70,115,580,,
483,Dialga,4,Steel,Dragon,5.4,683.0,Pressure,Telepathy,,100,120,120,150,100,90,680,,
484,Palkia,4,Water,Dragon,4.2,336.0,Pressure,Telepathy,,90,120,100,150,120,100,680,,
485,Heatran,4,Fire,Steel,1.7,430.0,Flash Fire,Flame Body,,91,90,106,130,106,77,600,50.0,50.0
486,Regigigas,4,Normal,,3.7,420.0,Slow Start,,,110,160,110,80,110,100,670,,
487,Giratina,4,Ghost,Dragon,4.5,750.0,Pressure,Telepathy,,150,100,120,100,120,90,680,,
488,Cresselia,4,Psychic,,1.5,85.6,Levitate,,,120,70,110,75,120,85,580,0.0,100.0
489,Phione,4,Water,,0.4,3.1,Hydration,,,80,80,80,80,80,80,480,,
490,Manaphy,4,Water,,0.3,1.4,Hydration,,,100,100,100,100,100,100,600,,
491,Darkrai,4,Dark,,1.5,50.5,Bad Dreams,,,70,90,90,135,90,125,600,,
492,Shaymin,4,Grass,,0.2,2.1,Natural Cure,,,100,100,100,100,100,100,600,,
493,Arceus,4,Normal,,3.2,320.0,Multitype,,,120,120,120,120,120,120,720,,
494,Victini,5,Psychic,Fire,0.4,4.0,Victory Star,,,100,100,100,100,100,100,600,,
495,Snivy,5,Grass,,0.6,8.1,Overgrow,Contrary,,45,45,55,45,55,63,308,87.5,12.5
496,Servine,5,Grass,,0.8,16.0,Overgrow,Contrary,,60,60,75,60,75,83,413,87.5,12.5
497,Serperior,5,Grass,,3.3,63.0,Overgrow,Contrary,,75,75,95,75,95,113,528,87.5,12.5
498,Tepig,5,Fire,,0.5,9.9,Blaze,Thick Fat,,65,63,45,45,45,45,308,87.5,12.5
499,Pignite,5,Fire,Fighting,1.0,55.5,Blaze,Thick Fat,,90,93,55,70,55,55,418,87.5,12.5
500,Emboar,5,Fire,Fighting,1.6,150.0,Blaze,Reckless,,110,123,65,100,65,65,528,87.5,12.5
501,Oshawott,5,Water,,0.5,5.9,Torrent,Shell Armor,,55,55,45,63,45,45,308,87.5,12.5
502,Dewott,5,Water,,0.8,24.5,Torrent,Shell Armor,,75,75,60,83,60,60,413,87.5,12.5
503,Samurott,5,Water,,1.5,94.6,Torrent,Shell Armor,,95,100,85,108,70,70,528,87.5,12.5
504,Patrat,5,Normal,,0.5,11.6,Run Away,Keen Eye,Analytic,45,55,39,35,39,42,255,50.0,50.0
505,Watchog,5,Normal,,1.1,27.0,Illuminate,Keen Eye,Analytic,60,85,69,60,69,77,420,50.0,50.0
506,Lillipup,5,Normal,,0.4,4.1,Vital Spirit,Pickup,Run Away,45,60,45,25,45,55,275,50.0,50.0
507,Herdier,5,Normal,,0.9,14.7,Intimidate,Sand Rush,Scrappy,65,80,65,35,65,60,370,50.0,50.0
508,Stoutland,5,Normal,,1.2,61.0,Intimidate,Sand Rush,Scrappy,85,110,90,45,90,80,500,50.0,50.0
509,Purrloin,5,Dark,,0.4,10.1,Limber,Unburden,Prankster,41,50,37,50,37,66,281,50.0,50.0
510,Liepard,5,Dark,,1.1,37.5,Limber,Unburden,Prankster,64,88,50,88,50,106,446,50.0,50.0
511,Pansage,5,Grass,,0.6,10.5,Gluttony,Overgrow,,50,53,48,53,48,64,316,87.5,12.5
512,Simisage,5,Grass,,1.1,30.5,Gluttony,Overgrow,,75,98,63,98,63,101,498,87.5,12.5
513,Pansear,5,Fire,,0.6,11.0,Gluttony,Blaze,,50,53,48,53,48,64,316,87.5,12.5
514,Simisear,5,Fire,,1.0,28.0,Gluttony,Blaze,,75,98,63,98,63,101,498,87.5,12.5
515,Panpour,5,Water,,0.6,13.5,Gluttony,Torrent,,50,53,48,53,48,64,316,87.5,12.5
516,Simipour,5,Water,,1.0,29.0,Gluttony,Torrent,,75,98,63,98,63,101,498,87.5,12.5
517,Munna,5,Psychic,,0.6,23.3,Forewarn,Synchronize,Telepathy,76,25,45,67,55,24,292,50.0,50.0
518,Musharna,5,Psychic,,1.1,60.5,Forewarn,Synchronize,Telepathy,116,55,85,107,95,29,487,50.0,50.0
519,Pidove,5,Normal,Flying,0.3,2.1,Big Pecks,Super Luck,Rivalry,50,55,50,36,30,43,264,50.0,50.0
520,Tranquill,5,Normal,Flying,0.6,15.0,Big Pecks,Super Luck,Rivalry,62,77,62,50,42,65,358,50.0,50.0
521,Unfezant,5,Normal,Flying,1.2,29.0,Big Pecks,Super Luck,Rivalry,80,115,80,65,55,93,488,50.0,50.0
522,Blitzle,5,Electric,,0.8,29.8,Lightning Rod,Motor Drive,Sap Sipper,45,60,32,50,32,76,295,50.0,50.0
523,Zebstrika,5,Electric,,1.6,79.5,Lightning Rod,Motor Drive,Sap Sipper,75,100,63,80,63,116,497,50.0,50.0
524,Roggenrola,5,Rock,,0.4,18.0,Sturdy,Weak Armor,Sand Force,55,75,85,25,25,15,280,50.0,50.0
525,Boldore,5,Rock,,0.9,102.0,Sturdy,Weak Armor,Sand Force,70,105,105,50,40,20,390,50.0,50.0
526,Gigalith,5,Rock,,1.7,260.0,Sturdy,Sand Stream,Sand Force,85,135,130,60,80,25,515,50.0,50.0
527,Woobat,5,Psychic,Flying,0.4,2.1,Unaware,Klutz,Simple,65,45,43,55,43,72,323,50.0,50.0
528,Swoobat,5,Psychic,Flying,0.9,10.5,Unaware,Klutz,Simple,67,57,55,77,55,114,425,50.0,50.0
529,Drilbur,5,Ground,,0.3,8.5,Sand Rush,Sand Force,Mold Breaker,60,85,40,30,45,68,328,50.0,50.0
530,Excadrill,5,Ground,Steel,0.7,40.4,Sand Rush,Sand Force,Mold Breaker,110,135,60,50,65,88,508,50.0,50.0
531,Audino,5,Normal,,1.1,31.0,Healer,Regenerator,Klutz,103,60,86,60,86,50,445,50.0,50.0
532,Timburr,5,Fighting,,0.6,12.5,Guts,Sheer Force,Iron Fist,75,80,55,25,35,35,305,75.0,25.0
533,Gurdurr,5,Fighting,,1.2,40.0,Guts,Sheer Force,Iron Fist,85,105,85,40,50,40,405,75.0,25.0
534,Conkeldurr,5,Fighting,,1.4,87.0,Guts,Sheer Force,Iron Fist,105,140,95,55,65,45,505,75.0,25.0
535,Tympole,5,Water,,0.5,4.5,Swift Swim,Hydration,Water Absorb,50,50,40,50,40,64,294,50.0,50.0
536,Palpitoad,5,Water,Ground,0.8,17.0,Swift Swim,Hydration,Water Absorb,75,65,55,65,55,69,384,50.0,50.0
537,Seismitoad,5,Water,Ground,1.5,62.0,Swift Swim,Poison Touch,Water Absorb,105,95,75,85,75,74,509,50.0,50.0
538,Throh,5,Fighting,,1.3,55.5,Guts,Inner Focus,Mold Breaker,120,100,85,30,85,45,465,100.0,0.0
539,Sawk,5,Fighting,,1.4,51.0,Sturdy,Inner Focus,Mold Breaker,75,125,75,30,75,85,465,100.0,0.0
540,Sewaddle,5,Bug,Grass,0.3,2.5,Swarm,Chlorophyll,Overcoat,45,53,70,40,60,42,310,50.0,50.0
541,Swadloon,5,Bug,Grass,0.5,7.3,Leaf Guard,Chlorophyll,Overcoat,55,63,90,50,80,42,380,50.0,50.0
542,Leavanny,5,Bug,Grass,1.2,20.5,Swarm,Chlorophyll,Overcoat,75,103,80,70,80,92,500,50.0,50.0
543,Venipede,5,Bug,Poison,0.4,5.3,Poison Point,Swarm,Speed Boost,30,45,59,30,39,57,260,50.0,50.0
544,Whirlipede,5,Bug,Poison,1.2,58.5,Poison Point,Swarm,Speed Boost,40,55,99,40,79,47,360,50.0,50.0
545,Scolipede,5,Bug,Poison,2.5,200.5,Poison Point,Swarm,Speed Boost,60,100,89,55,69,112,485,50.0,50.0
546,Cottonee,5,Grass,Fairy,0.3,0.6,Prankster,Infiltrator,Chlorophyll,40,27,60,37,50,66,280,50.0,50.0
547,Whimsicott,5,Grass,Fairy,0.7,6.6,Prankster,Infiltrator,Chlorophyll,60,67,85,77,75,116,480,50.0,50.0
548,Petilil,5,Grass,,0.5,6.6,Chlorophyll,Own Tempo,Leaf Guard,45,35,50,70,50,30,280,0.0,100.0
549,Lilligant,5,Grass,,1.1,16.3,Chlorophyll,Own Tempo,Leaf Guard,70,60,75,110,75,90,480,0.0,100.0
550,Basculin,5,Water,,1.0,18.0,Reckless,Adaptability,Mold Breaker,70,92,65,80,55,98,460,50.0,50.0
551,Sandile,5,Ground,Dark,0.7,15.2,Intimidate,Moxie,Anger Point,50,72,35,35,35,65,292,50.0,50.0
552,Krokorok,5,Ground,Dark,1.0,33.4,Intimidate,Moxie,Anger Point,60,82,45,45,45,74,351,50.0,50.0
553,Krookodile,5,Ground,Dark,1.5,96.3,Intimidate,Moxie,Anger Point,95,117,80,65,70,92,519,50.0,50.0
554,Darumaka,5,Fire,,0.6,37.5,Hustle,Inner Focus,,70,90,45,15,45,50,315,50.0,50.0
555,Darmanitan,5,Fire,,1.3,92.9,Sheer Force,Zen Mode,,105,140,55,30,55,95,480,50.0,50.0
556,Maractus,5,Grass,,1.0,28.0,Water Absorb,Chlorophyll,Storm Drain,75,86,67,106,67,60,461,50.0,50.0
557,Dwebble,5,Bug,Rock,0.3,14.5,Sturdy,Shell Armor,Weak Armor,50,65,85,35,35,55,325,50.0,50.0
558,Crustle,5,Bug,Rock,1.4,200.0,Sturdy,Shell Armor,Weak Armor,70,105,125,65,75,45,485,50.0,50.0
559,Scraggy,5,Dark,Fighting,0.6,11.8,Shed Skin,Moxie,Intimidate,50,75,70,35,70,48,348,50.0,50.0
560,Scrafty,5,Dark,Fighting,1.1,30.0,Shed Skin,Moxie,Intimidate,65,90,115,45,115,58,488,50.0,50.0
561,Sigilyph,5,Psychic,Flying,1.4,14.0,Wonder Skin,Magic Guard,Tinted Lens,72,58,80,103,80,97,490,50.0,50.0
562,Yamask,5,Ghost,,0.5,1.5,Mummy,,,38,30,85,55,65,30,303,50.0,50.0
563,Cofagrigus,5,Ghost,,1.7,76.5,Mummy,,,58,50,145,95,105,30,483,50.0,50.0
564,Tirtouga,5,Water,Rock,0.7,16.5,Solid Rock,Sturdy,Swift Swim,54,78,103,53,45,22,355,87.5,12.5
565,Carracosta,5,Water,Rock,1.2,81.0,Solid Rock,Sturdy,Swift Swim,74,108,133,83,65,32,495,87.5,12.5
566,Archen,5,Rock,Flying,0.5,9.5,Defeatist,,,55,112,45,74,45,70,401,87.5,12.5
567,Archeops,5,Rock,Flying,1.4,32.0,Defeatist,,,75,140,65,112,65,110,567,87.5,12.5
568,Trubbish,5,Poison,,0.6,31.0,Stench,Sticky Hold,Aftermath,50,50,62,40,62,65,329,50.0,50.0
569,Garbodor,5,Poison,,1.9,107.3,Stench,Weak Armor,Aftermath,80,95,82,60,82,75,474,50.0,50.0
570,Zorua,5,Dark,,0.7,12.5,Illusion,,,40,65,40,80,40,65,330,87.5,12.5
571,Zoroark,5,Dark,,1.6,81.1,Illusion,,,60,105,60,120,60,105,510,87.5,12.5
572,Minccino,5,Normal,,0.4,5.8,Cute Charm,Technician,Skill Link,55,50,40,40,40,75,300,25.0,75.0
573,Cinccino,5,Normal,,0.5,7.5,Cute Charm,Technician,Skill Link,75,95,60,65,60,115,470,25.0,75.0
574,Gothita,5,Psychic,,0.4,5.8,Frisk,Competitive,Shadow Tag,45,30,50,55,65,45,290,25.0,75.0
575,Gothorita,5,Psychic,,0.7,18.0,Frisk,Competitive,Shadow Tag,60,45,70,75,85,55,390,25.0,75.0
576,Gothitelle,5,Psychic,,1.5,44.0,Frisk,Competitive,Shadow Tag,70,55,95,95,110,65,490,25.0,75.0
577,Solosis,5,Psychic,,0.3,1.0,Overcoat,Magic Guard,Regenerator,45,30,40,105,50,20,290,50.0,50.0
578,Duosion,5,Psychic,,0.6,8.0,Overcoat,Magic Guard,Regenerator,65,40,50,125,60,30,370,50.0,50.0
579,Reuniclus,5,Psychic,,1.0,20.1,Overcoat,Magic Guard,Regenerator,110,65,75,125,85,30,490,50.0,50.0
580,Ducklett,5,Water,Flying,0.5,5.5,Keen Eye,Big Pecks,Hydration,62,44,50,44,50,55,305,50.0,50.0
581,Swanna,5,Water,Flying,1.3,24.2,Keen Eye,Big Pecks,Hydration,75,87,63,87,63,98,473,50.0,50.0
582,Vanillite,5,Ice,,0.4,5.7,Ice Body,Snow Cloak,Weak Armor,36,50,50,65,60,44,305,50.0,50.0
583,Vanillish,5,Ice,,1.1,41.0,Ice Body,Snow Cloak,Weak Armor,51,65,65,80,75,59,395,50.0,50.0
584,Vanilluxe,5,Ice,,1.3,57.5,Ice Body,Snow Warning,Weak Armor,71,95,85,110,95,79,535,50.0,50.0
585,Deerling,5,Normal,Grass,0.6,19.5,Chlorophyll,Sap Sipper,Serene Grace,60,60,50,40,50,75,335,50.0,50.0
586,Sawsbuck,5,Normal,Grass,1.9,92.5,Chlorophyll,Sap Sipper,Serene Grace,80,100,70,60,70,95,475,50.0,50.0
587,Emolga,5,Electric,Flying,0.4,5.0,Static,Motor Drive,,55,75,60,75,60,103,428,50.0,50.0
588,Karrablast,5,Bug,,0.5,5.9,Swarm,Shed Skin,No Guard,50,75,45,40,45,60,315,50.0,50.0
589,Escavalier,5,Bug,Steel,1.0,33.0,Swarm,Shell Armor,Overcoat,70,135,105,60,105,20,495,50.0,50.0
590,Foongus,5,Grass,Poison,0.2,1.0,Effect Spore,Regenerator,,69,55,45,55,55,15,294,50.0,50.0
591,Amoonguss,5,Grass,Poison,0.6,10.5,Effect Spore,Regenerator,,114,85,70,85,80,30,464,50.0,50.0
592,Frillish,5,Water,Ghost,1.2,33.0,Water Absorb,Cursed Body,Damp,55,40,50,65,85,40,335,50.0,50.0
593,Jellicent,5,Water,Ghost,2.2,135.0,Water Absorb,Cursed Body,Damp,100,60,70,85,105,60,480,50.0,50.0
594,Alomomola,5,Water,,1.2,31.6,Healer,Hydration,Regenerator,165,75,80,40,45,65,470,50.0,50.0
595,Joltik,5,Bug,Electric,0.1,0.6,Compound Eyes,Unnerve,Swarm,50,47,50,57,50,65,319,50.0,50.0
596,Galvantula,5,Bug,Electric,0.8,14.3,Compound Eyes,Unnerve,Swarm,70,77,60,97,60,108,472,50.0,50.0
597,Ferroseed,5,Grass,Steel,0.6,18.8,Iron Barbs,,,44,50,91,24,86,10,305,50.0,50.0
598,Ferrothorn,5,Grass,Steel,1.0,110.0,Iron Barbs,Anticipation,,74,94,131,54,116,20,489,50.0,50.0
599,Klink,5,Steel,,0.3,21.0,Plus,Minus,Clear Body,40,55,70,45,60,30,300,,
600,Klang,5,Steel,,0.6,51.0,Plus,Minus,Clear Body,60,80,95,70,85,50,440,,
601,Klinklang,5,Steel,,0.6,81.0,Plus,Minus,Clear Body,60,100,115,70,85,90,520,,
602,Tynamo,5,Electric,,0.2,0.3,Levitate,,,35,55,40,45,40,60,275,50.0,50.0
603,Eelektrik,5,Electric,,1.2,22.0,Levitate,,,65,85,70,75,70,40,405,50.0,50.0
604,Eelektross,5,Electric,,2.1,80.5,Levitate,,,85,115,80,105,80,50,515,50.0,50.0
605,Elgyem,5,Psychic,,0.5,9.0,Telepathy,Synchronize,Analytic,55,55,55,85,55,30,335,50.0,50.0
606,Beheeyem,5,Psychic,,1.0,34.5,Telepathy,Synchronize,Analytic,75,75,75,125,95,40,485,50.0,50.0
607,Litwick,5,Ghost,Fire,0.3,3.1,Flash Fire,Flame Body,Infiltrator,50,30,55,65,55,20,275,50.0,50.0
608,Lampent,5,Ghost,Fire,0.6,13.0,Flash Fire,Flame Body,Infiltrator,60,40,60,95,60,55,370,50.0,50.0
609,Chandelure,5,Ghost,Fire,1.0,34.3,Flash Fire,Flame Body,Infiltrator,60,55,90,145,90,80,520,50.0,50.0
610,Axew,5,Dragon,,0.6,18.0,Rivalry,Mold Breaker,Unnerve,46,87,60,30,40,57,320,50.0,50.0
611,Fraxure,5,Dragon,,1.0,36.0,Rivalry,Mold Breaker,Unnerve,66,117,70,40,50,67,410,50.0,50.0
612,Haxorus,5,Dragon,,1.8,105.5,Rivalry,Mold Breaker,Unnerve,76,147,90,60,70,97,540,50.0,50.0
613,Cubchoo,5,Ice,,0.5,8.5,Snow Cloak,Slush Rush,Rattled,55,70,40,60,40,40,305,50.0,50.0
614,Beartic,5,Ice,,2.6,260.0,Snow Cloak,Slush Rush,Swift Swim,95,130,80,70,80,50,505,50.0,50.0
615,Cryogonal,5,Ice,,1.1,148.0,Levitate,,,80,50,50,95,135,105,515,,
616,Shelmet,5,Bug,,0.4,7.7,Hydration,Shell Armor,Overcoat,50,40,85,40,65,25,305,50.0,50.0
617,Accelgor,5,Bug,,0.8,25.3,Hydration,Sticky Hold,Unburden,80,70,40,100,60,145,495,50.0,50.0
618,Stunfisk,5,Ground,Electric,0.7,11.0,Static,Limber,Sand Veil,109,66,84,81,99,32,471,50.0,50.0
619,Mienfoo,5,Fighting,,0.9,20.0,Inner Focus,Regenerator,Reckless,45,85,50,55,50,65,350,50.0,50.0
620,Mienshao,5,Fighting,,1.4,35.5,Inner Focus,Regenerator,Reckless,65,125,60,95,60,105,510,50.0,50.0
621,Druddigon,5,Dragon,,1.6,139.0,Rough Skin,Sheer Force,Mold Breaker,77,120,90,60,90,48,485,50.0,50.0
622,Golett,5,Ground,Ghost,1.0,92.0,Iron Fist,Klutz,No Guard,59,74,50,35,50,35,303,,
623,Golurk,5,Ground,Ghost,2.8,330.0,Iron Fist,Klutz,No Guard,89,124,80,55,80,55,483,,
624,Pawniard,5,Dark,Steel,0.5,10.2,Defiant,Inner Focus,Pressure,45,85,70,40,40,60,340,50.0,50.0
625,Bisharp,5,Dark,Steel,1.6,70.0,Defiant,Inner Focus,Pressure,65,125,100,60,70,70,490,50.0,50.0
626,Bouffalant,5,Normal,,1.6,94.6,Reckless,Sap Sipper,Soundproof,95,110,95,40,95,55,490,50.0,50.0
627,Rufflet,5,Normal,Flying,0.5,10.5,Keen Eye,Sheer Force,Hustle,70,83,50,37,50,60,350,100.0,0.0
628,Braviary,5,Normal,Flying,1.5,41.0,Keen Eye,Sheer Force,Defiant,100,123,75,57,75,80,510,100.0,0.0
629,Vullaby,5,Dark,Flying,0.5,9.0,Big Pecks,Overcoat,Weak Armor,70,55,75,45,65,60,370,0.0,100.0
630,Mandibuzz,5,Dark,Flying,1.2,39.5,Big Pecks,Overcoat,Weak Armor,110,65,105,55,95,80,510,0.0,100.0
631,Heatmor,5,Fire,,1.4,58.0,Gluttony,Flash Fire,White Smoke,85,97,66,105,66,65,484,50.0,50.0
632,Durant,5,Bug,Steel,0.3,33.0,Swarm,Hustle,Truant,58,109,112,48,48,109,484,50.0,50.0
633,Deino,5,Dark,Dragon,0.8,17.3,Hustle,,,52,65,50,45,50,38,300,50.0,50.0
634,Zweilous,5,Dark,Dragon,1.4,50.0,Hustle,,,72,85,70,65,70,58,420,50.0,50.0
635,Hydreigon,5,Dark,Dragon,1.8,160.0,Levitate,,,92,105,90,125,90,98,600,50.0,50.0
636,Larvesta,5,Bug,Fire,1.1,28.8,Flame Body,Swarm,,55,85,55,50,55,60,360,50.0,50.0
637,Volcarona,5,Bug,Fire,1.6,46.0,Flame Body,Swarm,,85,60,65,135,105,100,550,50.0,50.0
638,Cobalion,5,Steel,Fighting,2.1,250.0,Justified,,,91,90,129,90,72,108,580,,
639,Terrakion,5,Rock,Fighting,1.9,260.0,Justified,,,91,129,90,72,90,108,580,,
640,Virizion,5,Grass,Fighting,2.0,200.0,Justified,,,91,90,72,90,129,108,580,,
641,Tornadus,5,Flying,,1.5,63.0,Prankster,Defiant,,79,115,70,125,80,111,580,100.0,0.0
642,Thundurus,5,Electric,Flying,1.5,61.0,Prankster,Defiant,,79,115,70,125,80,111,580,100.0,0.0
643,Reshiram,5,Dragon,Fire,3.2,330.0,Turboblaze,,,100,120,100,150,120,90,680,,
644,Zekrom,5,Dragon,Electric,2.9,345.0,Teravolt,,,100,150,120,120,100,90,680,,
645,Landorus,5,Ground,Flying,1.5,68.0,Sand Force,Sheer Force,,89,125,90,115,80,101,600,100.0,0.0
646,Kyurem,5,Dragon,Ice,3.0,325.0,Pressure,,,125,130,90,130,90,95,660,,
647,Keldeo,5,Water,Fighting,1.4,48.5,Justified,,,91,72,90,129,90,108,580,,
648,Meloetta,5,Normal,Psychic,0.6,6.5,Serene Grace,,,100,77,77,128,128,90,600,,
649,Genesect,5,Bug,Steel,1.5,82.5,Download,,,71,120,95,120,95,99,600,,
650,Chespin,6,Grass,,0.4,9.0,Overgrow,Bulletproof,,56,61,65,48,45,38,313,87.5,12.5
651,Quilladin,6,Grass,,0.7,29.0,Overgrow,Bulletproof,,61,78,95,56,58,57,405,87.5,12.5
652,Chesnaught,6,Grass,Fighting,1.6,90.0,Overgrow,Bulletproof,,88,107,122,74,75,64,530,87.5,12.5
653,Fennekin,6,Fire,,0.4,9.4,Blaze,Magician,,40,45,40,62,60,60,307,87.5,12.5
654,Braixen,6,Fire,,1.0,14.5,Blaze,Magician,,59,59,58,90,70,73,409,87.5,12.5
655,Delphox,6,Fire,Psychic,1.5,39.0,Blaze,Magician,,75,69,72,114,100,104,534,87.5,12.5
656,Froakie,6,Water,,0.3,7.0,Torrent,Protean,,41,56,40,62,44,71,314,87.5,12.5
657,Frogadier,6,Water,,0.6,10.9,Torrent,Protean,,54,63,52,83,56,97,405,87.5,12.5
658,Greninja,6,Water,Dark,1.5,40.0,Torrent,Protean,,72,95,67,103,71,122,530,87.5,12.5
659,Bunnelby,6,Normal,,0.4,5.0,Pickup,Cheek Pouch,Huge Power,38,36,38,32,36,57,237,50.0,50.0
660,Diggersby,6,Normal,Ground,1.0,42.4,Pickup,Cheek Pouch,Huge Power,85,56,77,50,77,78,423,50.0,50.0
661,Fletchling,6,Normal,Flying,0.3,1.7,Big Pecks,Gale Wings,,45,50,43,40,38,62,278,50.0,50.0
662,Fletchinder,6,Fire,Flying,0.7,16.0,Flame Body,Gale Wings,,62,73,55,56,52,84,382,50.0,50.0
663,Talonflame,6,Fire,Flying,1.2,24.5,Flame Body,Gale Wings,,78,81,71,74,69,126,499,50.0,50.0
664,Scatterbug,6,Bug,,0.3,2.5,Shield Dust,Compound Eyes,Friend Guard,38,35,40,27,25,35,200,50.0,50.0
665,Spewpa,6,Bug,,0.3,8.4,Shed Skin,Friend Guard,,45,22,60,27,30,29,213,50.0,50.0
666,Vivillon,6,Bug,Flying,1.2,17.0,Shield Dust,Compound Eyes,Friend Guard,80,52,50,90,50,89,411,50.0,50.0
667,Litleo,6,Fire,Normal,0.6,13.5,Rivalry,Unnerve,Moxie,62,50,58,73,54,72,369,12.5,87.5
668,Pyroar,6,Fire,Normal,1.5,81.5,Rivalry,Unnerve,Moxie,86,68,72,109,66,106,507,12.5,87.5
669,Flabébé,6,Fairy,,0.1,0.1,Flower Veil,Symbiosis,,44,38,39,61,79,42,303,0.0,100.0
670,Floette,6,Fairy,,0.2,0.9,Flower Veil,Symbiosis,,54,45,47,75,98,52,371,0.0,100.0
671,Florges,6,Fairy,,1.1,10.0,Flower Veil,Symbiosis,,78,65,68,112,154,75,552,0.0,100.0
672,Skiddo,6,Grass,,0.9,31.0,Sap Sipper,Grass Pelt,,66,65,48,62,57,52,350,50.0,50.0
673,Gogoat,6,Grass,,1.7,91.0,Sap Sipper,Grass Pelt,,123,100,62,97,81,68,531,50.0,50.0
674,Pancham,6,Fighting,,0.6,8.0,Iron Fist,Mold Breaker,Scrappy,67,82,62,46,48,43,348,50.0,50.0
675,Pangoro,6,Fighting,Dark,2.1,136.0,Iron Fist,Mold Breaker,Scrappy,95,124,78,69,71,58,495,50.0,50.0
676,Furfrou,6,Normal,,1.2,28.0,Fur Coat,,,75,80,60,65,90,102,472,50.0,50.0
677,Espurr,6,Psychic,,0.3,3.5,Keen Eye,Infiltrator,Own Tempo,62,48,54,63,60,68,355,50.0,50.0
678,Meowstic,6,Psychic,,0.6,8.5,Keen Eye,Infiltrator,Prankster,74,48,76,83,81,104,466,100.0,0.0
679,Honedge,6,Steel,Ghost,0.8,2.0,No Guard,,,45,80,100,35,37,28,325,50.0,50.0
680,Doublade,6,Steel,Ghost,0.8,4.5,No Guard,,,59,110,150,45,49,35,448,50.0,50.0
681,Aegislash,6,Steel,Ghost,1.7,53.0,Stance Change,,,60,50,140,50,140,60,500,50.0,50.0
682,Spritzee,6,Fairy,,0.2,0.5,Healer,Aroma Veil,,78,52,60,63,65,23,341,50.0,50.0
683,Aromatisse,6,Fairy,,0.8,15.5,Healer,Aroma Veil,,101,72,72,99,89,29,462,50.0,50.0
684,Swirlix,6,Fairy,,0.4,3.5,Sweet Veil,Unburden,,62,48,66,59,57,49,341,50.0,50.0
685,Slurpuff,6,Fairy,,0.8,5.0,Sweet Veil,Unburden,,82,80,86,85,75,72,480,50.0,50.0
686,Inkay,6,Dark,Psychic,0.4,3.5,Contrary,Suction Cups,Infiltrator,53,54,53,37,46,45,288,50.0,50.0
687,Malamar,6,Dark,Psychic,1.5,47.0,Contrary,Suction Cups,Infiltrator,86,92,88,68,75,73,482,50.0,50.0
688,Binacle,6,Rock,Water,0.5,31.0,Sniper,Tough Claws,Pickpocket,42,52,67,39,56,50,306,50.0,50.0
689,Barbaracle,6,Rock,Water,1.3,96.0,Sniper,Tough Claws,Pickpocket,72,105,115,54,86,68,500,50.0,50.0
690,Skrelp,6,Poison,Water,0.5,7.3,Poison Point,Poison Touch,Adaptability,50,60,60,60,60,30,320,50.0,50.0
691,Dragalge,6,Poison,Dragon,1.8,81.5,Poison Point,Poison Touch,Adaptability,65,75,90,97,123,44,494,50.0,50.0
692,Clauncher,6,Water,,0.5,8.3,Mega Launcher,,,50,53,62,58,63,44,330,50.0,50.0
693,Clawitzer,6,Water,,1.3,35.3,Mega Launcher,,,71,73,88,120,89,59,500,50.0,50.0
694,Helioptile,6,Electric,Normal,0.5,6.0,Dry Skin,Sand Veil,Solar Power,44,38,33,61,43,70,289,50.0,50.0
695,Heliolisk,6,Electric,Normal,1.0,21.0,Dry Skin,Sand Veil,Solar Power,62,55,52,109,94,109,481,50.0,50.0
696,Tyrunt,6,Rock,Dragon,0.8,26.0,Strong Jaw,Sturdy,,58,89,77,45,45,48,362,87.5,12.5
697,Tyrantrum,6,Rock,Dragon,2.5,270.0,Strong Jaw,Rock Head,,82,121,119,69,59,71,521,87.5,12.5
698,Amaura,6,Rock,Ice,1.3,25.2,Refrigerate,Snow Warning,,77,59,50,67,63,46,362,87.5,12.5
699,Aurorus,6,Rock,Ice,2.7,225.0,Refrigerate,Snow Warning,,123,77,72,99,92,58,521,87.5,12.5
700,Sylveon,6,Fairy,,1.0,23.5,Cute Charm,Pixilate,,95,65,65,110,130,60,525,87.5,12.5
701,Hawlucha,6,Fighting,Flying,0.8,21.5,Limber,Unburden,Mold Breaker,78,92,75,74,63,118,500,50.0,50.0
702,Dedenne,6,Electric,Fairy,0.2,2.2,Cheek Pouch,Pickup,Plus,67,58,57,81,67,101,431,50.0,50.0
703,Carbink,6,Rock,Fairy,0.3,5.7,Clear Body,Sturdy,,50,50,150,50,150,50,500,,
704,Goomy,6,Dragon,,0.3,2.8,Sap Sipper,Hydration,Gooey,45,50,35,55,75,40,300,50.0,50.0
705,Sliggoo,6,Dragon,,0.8,17.5,Sap Sipper,Hydration,Gooey,68,75,53,83,113,60,452,50.0,50.0
706,Goodra,6,Dragon,,2.0,150.5,Sap Sipper,Hydration,Gooey,90,100,70,110,150,80,600,50.0,50.0
707,Klefki,6,Steel,Fairy,0.2,3.0,Prankster,Magician,,57,80,91,80,87,75,470,50.0,50.0
708,Phantump,6,Ghost,Grass,0.4,7.0,Natural Cure,Frisk,Harvest,43,70,48,50,60,38,309,50.0,50.0
709,Trevenant,6,Ghost,Grass,1.5,71.0,Natural Cure,Frisk,Harvest,85,110,76,65,82,56,474,50.0,50.0
710,Pumpkaboo,6,Ghost,Grass,0.4,5.0,Pickup,Frisk,Insomnia,49,66,70,44,55,51,335,50.0,50.0
711,Gourgeist,6,Ghost,Grass,0.9,12.5,Pickup,Frisk,Insomnia,65,90,122,58,75,84,494,50.0,50.0
712,Bergmite,6,Ice,,1.0,99.5,Own Tempo,Ice Body,Sturdy,55,69,85,32,35,28,304,50.0,50.0
713,Avalugg,6,Ice,,2.0,505.0,Own Tempo,Ice Body,Sturdy,95,117,184,44,46,28,514,50.0,50.0
714,Noibat,6,Flying,Dragon,0.5,8.0,Frisk,Infiltrator,Telepathy,40,30,35,45,40,55,245,50.0,50.0
715,Noivern,6,Flying,Dragon,1.5,85.0,Frisk,Infiltrator,Telepathy,85,70,80,97,80,123,535,50.0,50.0
716,Xerneas,6,Fairy,,3.0,215.0,Fairy Aura,,,126,131,95,131,98,99,680,,
717,Yveltal,6,Dark,Flying,5.8,203.0,Dark Aura,,,126,131,95,131,98,99,680,,
718,Zygarde,6,Dragon,Ground,5.0,305.0,Aura Break,Power Construct,,108,100,121,81,95,95,600,,
719,Diancie,6,Rock,Fairy,0.7,8.8,Clear Body,,,50,100,150,100,150,50,600,,
720,Hoopa,6,Psychic,Ghost,0.5,9.0,Magician,,,80,110,60,150,130,70,600,,
721,Volcanion,6,Fire,Water,1.7,195.0,Water Absorb,,,80,110,120,130,90,70,600,,
722,Rowlet,7,Grass,Flying,0.3,1.5,Overgrow,Long Reach,,68,55,55,50,50,42,320,87.5,12.5
723,Dartrix,7,Grass,Flying,0.7,16.0,Overgrow,Long Reach,,78,75,75,70,70,52,420,87.5,12.5
724,Decidueye,7,Grass,Ghost,1.6,36.6,Overgrow,Long Reach,,78,107,75,100,100,70,530,87.5,12.5
725,Litten,7,Fire,,0.4,4.3,Blaze,Intimidate,,45,65,40,60,40,70,320,87.5,12.5
726,Torracat,7,Fire,,0.7,25.0,Blaze,Intimidate,,65,85,50,80,50,90,420,87.5,12.5
727,Incineroar,7,Fire,Dark,1.8,83.0,Blaze,Intimidate,,95,115,90,80,90,60,530,87.5,12.5
728,Popplio,7,Water,,0.4,7.5,Torrent,Liquid Voice,,50,54,54,66,56,40,320,87.5,12.5
729,Brionne,7,Water,,0.6,17.5,Torrent,Liquid Voice,,60,69,69,91,81,50,420,87.5,12.5
730,Primarina,7,Water,Fairy,1.8,44.0,Torrent,Liquid Voice,,80,74,74,126,116,60,530,87.5,12.5
731,Pikipek,7,Normal,Flying,0.3,1.2,Keen Eye,Skill Link,Pickup,35,75,30,30,30,65,265,50.0,50.0
732,Trumbeak,7,Normal,Flying,0.6,14.8,Keen Eye,Skill Link,Pickup,55,85,50,40,50,75,355,50.0,50.0
733,Toucannon,7,Normal,Flying,1.1,26.0,Keen Eye,Skill Link,Sheer Force,80,120,75,75,75,60,485,50.0,50.0
734,Yungoos,7,Normal,,0.4,6.0,Strong Jaw,Stakeout,Adaptability,48,70,30,30,30,45,253,50.0,50.0
735,Gumshoos,7,Normal,,0.7,14.2,Strong Jaw,Stakeout,Adaptability,88,110,60,55,60,45,418,50.0,50.0
736,Grubbin,7,Bug,,0.4,4.4,Swarm,,,47,62,45,55,45,46,300,50.0,50.0
737,Charjabug,7,Bug,Electric,0.5,10.5,Battery,,,57,82,95,55,75,36,400,50.0,50.0
738,Vikavolt,7,Bug,Electric,1.5,45.0,Levitate,,,77,70,90,145,75,43,500,50.0,50.0
739,Crabrawler,7,Fighting,,0.6,7.0,Hyper Cutter,Iron Fist,Anger Point,47,82,57,42,47,63,338,50.0,50.0
740,Crabominable,7,Fighting,Ice,1.7,180.0,Hyper Cutter,Iron Fist,Anger Point,97,132,77,62,67,43,478,50.0,50.0
741,Oricorio,7,Fire,Flying,0.6,3.4,Dancer,,,75,70,70,98,70,93,476,25.0,75.0
742,Cutiefly,7,Bug,Fairy,0.1,0.2,Honey Gather,Shield Dust,Sweet Veil,40,45,40,55,40,84,304,50.0,50.0
743,Ribombee,7,Bug,Fairy,0.2,0.5,Honey Gather,Shield Dust,Sweet Veil,60,55,60,95,70,124,464,50.0,50.0
744,Rockruff,7,Rock,,0.5,9.2,Keen Eye,Vital Spirit,Steadfast,45,65,40,30,40,60,280,50.0,50.0
745,Lycanroc,7,Rock,,0.8,25.0,Keen Eye,Sand Rush,Steadfast,75,115,65,55,65,112,487,50.0,50.0
746,Wishiwashi,7,Water,,0.2,0.3,Schooling,,,45,20,20,25,25,40,175,50.0,50.0
747,Mareanie,7,Poison,Water,0.4,8.0,Merciless,Limber,Regenerator,50,53,62,43,52,45,305,50.0,50.0
748,Toxapex,7,Poison,Water,0.7,14.5,Merciless,Limber,Regenerator,50,63,152,53,142,35,495,50.0,50.0
749,Mudbray,7,Ground,,1.0,110.0,Own Tempo,Stamina,Inner Focus,70,100,70,45,55,45,385,50.0,50.0
750,Mudsdale,7,Ground,,2.5,920.0,Own Tempo,Stamina,Inner Focus,100,125,100,55,85,35,500,50.0,50.0
751,Dewpider,7,Water,Bug,0.3,4.0,Water Bubble,Water Absorb,,38,40,52,40,72,27,269,50.0,50.0
752,Araquanid,7,Water,Bug,1.8,82.0,Water Bubble,Water Absorb,,68,70,92,50,132,42,454,50.0,50.0
753,Fomantis,7,Grass,,0.3,1.5,Leaf Guard,Contrary,,40,55,35,50,35,35,250,50.0,50.0
754,Lurantis,7,Grass,,0.9,18.5,Leaf Guard,Contrary,,70,105,90,80,90,45,480,50.0,50.0
755,Morelull,7,Grass,Fairy,0.2,1.5,Illuminate,Effect Spore,Rain Dish,40,35,55,65,75,15,285,50.0,50.0
756,Shiinotic,7,Grass,Fairy,1.0,11.5,Illuminate,Effect Spore,Rain Dish,60,45,80,90,100,30,405,50.0,50.0
757,Salandit,7,Poison,Fire,0.6,4.8,Corrosion,Oblivious,,48,44,40,71,40,77,320,87.5,12.5
758,Salazzle,7,Poison,Fire,1.2,22.2,Corrosion,Oblivious,,68,64,60,111,60,117,480,0.0,100.0
759,Stufful,7,Normal,Fighting,0.5,6.8,Fluffy,Klutz,Cute Charm,70,75,50,45,50,50,340,50.0,50.0
760,Bewear,7,Normal,Fighting,2.1,135.0,Fluffy,Klutz,Unnerve,120,125,80,55,60,60,500,50.0,50.0
761,Bounsweet,7,Grass,,0.3,3.2,Leaf Guard,Oblivious,Sweet Veil,42,30,38,30,38,32,210,0.0,100.0
762,Steenee,7,Grass,,0.7,8.2,Leaf Guard,Oblivious,Sweet Veil,52,40,48,40,48,62,290,0.0,100.0
763,Tsareena,7,Grass,,1.2,21.4,Leaf Guard,Queenly Majesty,Sweet Veil,72,120,98,50,98,72,510,0.0,100.0
764,Comfey,7,Fairy,,0.1,0.3,Flower Veil,Triage,Natural Cure,51,52,90,82,110,100,485,25.0,75.0
765,Oranguru,7,Normal,Psychic,1.5,76.0,Inner Focus,Telepathy,Symbiosis,90,60,80,90,110,60,490,50.0,50.0
766,Passimian,7,Fighting,,2.0,82.8,Receiver,Defiant,,100,120,90,40,60,80,490,50.0,50.0
767,Wimpod,7,Bug,Water,0.5,12.0,Wimp Out,,,25,35,40,20,30,80,230,50.0,50.0
768,Golisopod,7,Bug,Water,2.0,108.0,Emergency Exit,,,75,125,140,60,90,40,530,50.0,50.0
769,Sandygast,7,Ghost,Ground,0.5,70.0,Water Compaction,Sand Veil,,55,55,80,70,45,15,320,50.0,50.0
770,Palossand,7,Ghost,Ground,1.3,250.0,Water Compaction,Sand Veil,,85,75,110,100,75,35,480,50.0,50.0
771,Pyukumuku,7,Water,,0.3,1.2,Innards Out,Unaware,,55,60,130,30,130,5,410,50.0,50.0
772,Type: Null,7,Normal,,1.9,120.5,Battle Armor,,,95,95,95,95,95,59,534,,
773,Silvally,7,Normal,,2.3,100.5,RKS System,,,95,95,95,95,95,95,570,,
774,Minior,7,Rock,Flying,0.3,40.0,Shields Down,,,60,60,100,60,100,60,440,,
775,Komala,7,Normal,,0.4,19.9,Comatose,,,65,115,65,75,95,65,480,50.0,50.0
776,Turtonator,7,Fire,Dragon,2.0,212.0,Shell Armor,,,60,78,135,91,85,36,485,50.0,50.0
777,Togedemaru,7,Electric,Steel,0.3,3.3,Iron Barbs,Lightning Rod,Sturdy,65,98,63,40,73,96,435,50.0,50.0
778,Mimikyu,7,Ghost,Fairy,0.2,0.7,Disguise,,,55,90,80,50,105,96,476,50.0,50.0
779,Bruxish,7,Water,Psychic,0.9,19.0,Dazzling,Strong Jaw,Wonder Skin,68,105,70,70,70,92,475,50.0,50.0
780,Drampa,7,Normal,Dragon,3.0,185.0,Berserk,Sap Sipper,Cloud Nine,78,60,85,135,91,36,485,50.0,50.0
781,Dhelmise,7,Ghost,Grass,3.9,210.0,Steelworker,,,70,131,100,86,90,40,517,,
782,Jangmo-o,7,Dragon,,0.6,29.7,Bulletproof,Soundproof,Overcoat,45,55,65,45,45,45,300,50.0,50.0
783,Hakamo-o,7,Dragon,Fighting,1.2,47.0,Bulletproof,Soundproof,Overcoat,55,75,90,65,70,65,420,50.0,50.0
784,Kommo-o,7,Dragon,Fighting,1.6,78.2,Bulletproof,Soundproof,Overcoat,75,110,125,100,105,85,600,50.0,50.0
785,Tapu Koko,7,Electric,Fairy,1.8,20.5,Electric Surge,Telepathy,,70,115,85,95,75,130,570,,
786,Tapu Lele,7,Psychic,Fairy,1.2,18.6,Psychic Surge,Telepathy,,70,85,75,130,115,95,570,,
787,Tapu Bulu,7,Grass,Fairy,1.9,45.5,Grassy Surge,Telepathy,,70,130,115,85,95,75,570,,
788,Tapu Fini,7,Water,Fairy,1.3,21.2,Misty Surge,Telepathy,,70,75,115,95,130,85,570,,
789,Cosmog,7,Psychic,,0.2,0.1,Unaware,,,43,29,31,29,31,37,200,,
790,Cosmoem,7,Psychic,,0.1,999.9,Sturdy,,,43,29,131,29,131,37,400,,
791,Solgaleo,7,Psychic,Steel,3.4,230.0,Full Metal Body,,,137,137,107,113,89,97,680,,
792,Lunala,7,Psychic,Ghost,4.0,120.0,Shadow Shield,,,137,113,89,137,107,97,680,,
793,Nihilego,7,Rock,Poison,1.2,55.5,Beast Boost,,,109,53,47,127,131,103,570,,
794,Buzzwole,7,Bug,Fighting,2.4,333.6,Beast Boost,,,107,139,139,53,53,79,570,,
795,Pheromosa,7,Bug,Fighting,1.8,25.0,Beast Boost,,,71,137,37,137,37,151,570,,
796,Xurkitree,7,Electric,,3.8,100.0,Beast Boost,,,83,89,71,173,71,83,570,,
797,Celesteela,7,Steel,Flying,9.2,999.9,Beast Boost,,,97,101,103,107,101,61,570,,
798,Kartana,7,Grass,Steel,0.3,0.1,Beast Boost,,,59,181,131,59,31,109,570,,
799,Guzzlord,7,Dark,Dragon,5.5,888.0,Beast Boost,,,223,101,53,97,53,43,570,,
800,Necrozma,7,Psychic,,2.4,230.0,Prism Armor,,,97,107,101,127,89,79,600,,
801,Magearna,7,Steel,Fairy,1.0,80.5,Soul-Heart,,,80,95,115,130,115,65,600,,
802,Marshadow,7,Fighting,Ghost,0.7,22.2,Technician,,,90,125,80,90,90,125,600,,
803,Poipole,7,Poison,,0.6,1.8,Beast Boost,,,67,73,67,73,67,73,420,,
804,Naganadel,7,Poison,Dragon,3.6,150.0,Beast Boost,,,73,73,73,127,73,121,540,,
805,Stakataka,7,Rock,Steel,5.5,820.0,Beast Boost,,,61,131,211,53,101,13,570,,
806,Blacephalon,7,Fire,Ghost,1.8,13.0,Beast Boost,,,53,127,53,151,79,107,570,,
807,Zeraora,7,Electric,,1.5,44.5,Volt Absorb,,,88,112,75,102,80,143,600,,
808,Meltan,7,Steel,,0.2,8.0,Magnet Pull,,,46,65,65,55,35,34,300,,
809,Melmetal,7,Steel,,2.5,800.0,Iron Fist,,,135,143,143,80,65,34,600,,
810,Grookey,8,Grass,,0.3,5.0,Overgrow,Grassy Surge,,50,65,50,40,40,65,310,87.5,12.5
811,Thwackey,8,Grass,,0.7,14.0,Overgrow,Grassy Surge,,70,85,70,55,60,80,420,87.5,12.5
812,Rillaboom,8,Grass,,2.1,90.0,Overgrow,Grassy Surge,,100,125,90,60,70,85,530,87.5,12.5
813,Scorbunny,8,Fire,,0.3,4.5,Blaze,Libero,,50,71,40,40,40,69,310,87.5,12.5
814,Raboot,8,Fire,,0.6,9.0,Blaze,Libero,,65,86,60,55,60,94,420,87.5,12.5
815,Cinderace,8,Fire,,1.4,33.0,Blaze,Libero,,80,116,75,65,75,119,530,87.5,12.5
816,Sobble,8,Water,,0.3,4.0,Torrent,Sniper,,50,40,40,70,40,70,310,87.5,12.5
817,Drizzile,8,Water,,0.7,11.5,Torrent,Sniper,,65,60,55,95,55,90,420,87.5,12.5
818,Inteleon,8,Water,,1.9,45.2,Torrent,Sniper,,70,85,65,125,65,120,530,87.5,12.5
819,Skwovet,8,Normal,,0.3,2.5,Cheek Pouch,Gluttony,,70,55,55,35,35,25,275,50.0,50.0
820,Greedent,8,Normal,,0.6,6.0,Cheek Pouch,Gluttony,,120,95,95,55,75,20,460,50.0,50.0
821,Rookidee,8,Flying,,0.2,1.8,Keen Eye,Unnerve,Big Pecks,38,47,35,33,35,57,245,50.0,50.0
822,Corvisquire,8,Flying,,0.8,16.0,Keen Eye,Unnerve,Big Pecks,68,67,55,43,55,77,365,50.0,50.0
823,Corviknight,8,Flying,Steel,2.2,75.0,Pressure,Unnerve,Mirror Armor,98,87,105,53,85,67,495,50.0,50.0
824,Blipbug,8,Bug,,0.4,8.0,Swarm,Compound Eyes,Telepathy,25,20,20,25,45,45,180,50.0,50.0
825,Dottler,8,Bug,Psychic,0.4,19.5,Swarm,Compound Eyes,Telepathy,50,35,80,50,90,30,335,50.0,50.0
826,Orbeetle,8,Bug,Psychic,0.4,40.8,Swarm,Frisk,Telepathy,60,45,110,80,120,90,505,50.0,50.0
827,Nickit,8,Dark,,0.6,8.9,Run Away,Unburden,Stakeout,40,28,28,47,52,50,245,50.0,50.0
828,Thievul,8,Dark,,1.2,19.9,Run Away,Unburden,Stakeout,70,58,58,87,92,90,455,50.0,50.0
829,Gossifleur,8,Grass,,0.4,2.2,Cotton Down,Regenerator,Effect Spore,40,40,60,40,60,10,250,50.0,50.0
830,Eldegoss,8,Grass,,0.5,2.5,Cotton Down,Regenerator,Effect Spore,60,50,90,80,120,60,460,50.0,50.0
831,Wooloo,8,Normal,,0.6,6.0,Fluffy,Run Away,Bulletproof,42,40,55,40,45,48,270,50.0,50.0
832,Dubwool,8,Normal,,1.3,43.0,Fluffy,Steadfast,Bulletproof,72,80,100,60,90,88,490,50.0,50.0
833,Chewtle,8,Water,,0.3,8.5,Strong Jaw,Shell Armor,Swift Swim,50,64,50,38,38,44,284,50.0,50.0
834,Drednaw,8,Water,Rock,1.0,115.5,Strong Jaw,Shell Armor,Swift Swim,90,115,90,48,68,74,485,50.0,50.0
835,Yamper,8,Electric,,0.3,13.5,Ball Fetch,Rattled,,59,45,50,40,50,26,270,50.0,50.0
836,Boltund,8,Electric,,1.0,34.0,Strong Jaw,Competitive,,69,90,60,90,60,121,490,50.0,50.0
837,Rolycoly,8,Rock,,0.3,12.0,Steam Engine,Heatproof,Flash Fire,30,40,50,40,50,30,240,50.0,50.0
838,Carkol,8,Rock,Fire,1.1,78.0,Steam Engine,Flame Body,Flash Fire,80,60,90,60,70,50,410,50.0,50.0
839,Coalossal,8,Rock,Fire,2.8,310.5,Steam Engine,Flame Body,Flash Fire,110,80,120,80,90,30,510,50.0,50.0
840,Applin,8,Grass,Dragon,0.2,0.5,Ripen,Gluttony,Bulletproof,40,40,80,40,40,20,260,50.0,50.0
841,Flapple,8,Grass,Dragon,0.3,1.0,Ripen,Gluttony,Hustle,70,110,80,95,60,70,485,50.0,50.0
842,Appletun,8,Grass,Dragon,0.4,13.0,Ripen,Gluttony,Thick Fat,110,85,80,100,80,30,485,50.0,50.0
843,Silicobra,8,Ground,,2.2,7.6,Sand Spit,Shed Skin,Sand Veil,52,57,75,35,50,46,315,50.0,50.0
844,Sandaconda,8,Ground,,3.8,65.5,Sand Spit,Shed Skin,Sand Veil,72,107,125,65,70,71,510,50.0,50.0
845,Cramorant,8,Flying,Water,0.8,18.0,Gulp Missile,,,70,85,55,85,95,85,475,50.0,50.0
846,Arrokuda,8,Water,,0.5,1.0,Swift Swim,Propeller Tail,,41,63,40,40,30,66,280,50.0,50.0
847,Barraskewda,8,Water,,1.3,30.0,Swift Swim,Propeller Tail,,61,123,60,60,50,136,490,50.0,50.0
848,Toxel,8,Electric,Poison,0.4,11.0,Rattled,Static,Klutz,40,38,35,54,35,40,242,50.0,50.0
849,Toxtricity,8,Electric,Poison,1.6,40.0,Punk Rock,Plus,Technician,75,98,70,114,70,75,502,50.0,50.0
850,Sizzlipede,8,Fire,Bug,0.7,1.0,Flash Fire,White Smoke,Flame Body,50,65,45,50,50,45,305,50.0,50.0
851,Centiskorch,8,Fire,Bug,3.0,120.0,Flash Fire,White Smoke,Flame Body,100,115,65,90,90,65,525,50.0,50.0
852,Clobbopus,8,Fighting,,0.6,4.0,Limber,Technician,,50,68,60,50,50,32,310,50.0,50.0
853,Grapploct,8,Fighting,,1.6,39.0,Limber,Technician,,80,118,90,70,80,42,480,50.0,50.0
854,Sinistea,8,Ghost,,0.1,0.2,Weak Armor,Cursed Body,,40,45,45,74,54,50,308,,
855,Polteageist,8,Ghost,,0.2,0.4,Weak Armor,Cursed Body,,60,65,65,134,114,70,508,,
856,Hatenna,8,Psychic,,0.4,3.4,Healer,Anticipation,Magic Bounce,42,30,45,56,53,39,265,0.0,100.0
857,Hattrem,8,Psychic,,0.6,4.8,Healer,Anticipation,Magic Bounce,57,40,65,86,73,49,370,0.0,100.0
858,Hatterene,8,Psychic,Fairy,2.1,5.1,Healer,Anticipation,Magic Bounce,57,90,95,136,103,29,510,0.0,100.0
859,Impidimp,8,Dark,Fairy,0.4,5.5,Prankster,Frisk,Pickpocket,45,45,30,55,40,50,265,100.0,0.0
860,Morgrem,8,Dark,Fairy,0.8,12.5,Prankster,Frisk,Pickpocket,65,60,45,75,55,70,370,100.0,0.0
861,Grimmsnarl,8,Dark,Fairy,1.5,61.0,Prankster,Frisk,Pickpocket,95,120,65,95,75,60,510,100.0,0.0
862,Obstagoon,8,Dark,Normal,1.6,46.0,Reckless,Guts,Defiant,93,90,101,60,81,95,520,50.0,50.0
863,Perrserker,8,Steel,,0.8,28.0,Battle Armor,Tough Claws,Steely Spirit,70,110,100,50,60,50,440,50.0,50.0
864,Cursola,8,Ghost,,1.0,0.4,Weak Armor,Perish Body,,60,95,50,145,130,30,510,25.0,75.0
865,Sirfetch'd,8,Fighting,,0.8,117.0,Steadfast,Scrappy,,62,135,95,68,82,65,507,50.0,50.0
866,Mr. Rime,8,Ice,Psychic,1.5,58.2,Tangled Feet,Screen Cleaner,Ice Body,80,85,75,110,100,70,520,50.0,50.0
867,Runerigus,8,Ground,Ghost,1.6,66.6,Wandering Spirit,,,58,95,145,50,105,30,483,50.0,50.0
868,Milcery,8,Fairy,,0.2,0.3,Sweet Veil,Aroma Veil,,45,40,40,50,61,34,270,0.0,100.0
869,Alcremie,8,Fairy,,0.3,0.5,Sweet Veil,Aroma Veil,,65,60,75,110,121,64,495,0.0,100.0
870,Falinks,8,Fighting,,3.0,62.0,Battle Armor,Defiant,,65,100,100,70,60,75,470,,
871,Pincurchin,8,Electric,,0.3,1.0,Lightning Rod,Electric Surge,,48,101,95,91,85,15,435,50.0,50.0
872,Snom,8,Ice,Bug,0.3,3.8,Shield Dust,Ice Scales,,30,25,35,45,30,20,185,50.0,50.0
873,Frosmoth,8,Ice,Bug,1.3,42.0,Shield Dust,Ice Scales,,70,65,60,125,90,65,475,50.0,50.0
874,Stonjourner,8,Rock,,2.5,520.0,Power Spot,,,100,125,135,20,20,70,470,50.0,50.0
875,Eiscue,8,Ice,,1.4,89.0,Ice Face,,,75,80,110,65,90,50,470,50.0,50.0
876,Indeedee,8,Psychic,Normal,0.9,28.0,Inner Focus,Synchronize,Psychic Surge,60,65,55,105,95,95,475,100.0,0.0
877,Morpeko,8,Electric,Dark,0.3,3.0,Hunger Switch,,,58,95,58,70,58,97,436,50.0,50.0
878,Cufant,8,Steel,,1.2,100.0,Sheer Force,Heavy Metal,,72,80,49,40,49,40,330,50.0,50.0
879,Copperajah,8,Steel,,3.0,650.0,Sheer Force,Heavy Metal,,122,130,69,80,69,30,500,50.0,50.0
880,Dracozolt,8,Electric,Dragon,1.8,190.0,Volt Absorb,Hustle,Sand Rush,90,100,90,80,70,75,505,,
881,Arctozolt,8,Electric,Ice,2.3,150.0,Volt Absorb,Static,Slush Rush,90,100,90,90,80,55,505,,
882,Dracovish,8,Water,Dragon,2.3,215.0,Water Absorb,Strong Jaw,Sand Rush,90,90,100,70,80,75,505,,
883,Arctovish,8,Water,Ice,2.0,175.0,Water Absorb,Ice Body,Slush Rush,90,90,100,80,90,55,505,,
884,Duraludon,8,Steel,Dragon,1.8,40.0,Light Metal,Heavy Metal,Stalwart,70,95,115,120,50,85,535,50.0,50.0
885,Dreepy,8,Dragon,Ghost,0.5,2.0,Clear Body,Infiltrator,Cursed Body,28,60,30,40,30,82,270,50.0,50.0
886,Drakloak,8,Dragon,Ghost,1.4,11.0,Clear Body,Infiltrator,Cursed Body,68,80,50,60,50,102,410,50.0,50.0
887,Dragapult,8,Dragon,Ghost,3.0,50.0,Clear Body,Infiltrator,Cursed Body,88,120,75,100,75,142,600,50.0,50.0
888,Zacian,8,Fairy,,2.8,110.0,Intrepid Sword,,,92,120,115,80,115,138,660,,
889,Zamazenta,8,Fighting,,2.9,210.0,Dauntless Shield,,,92,120,115,80,115,138,660,,
890,Eternatus,8,Poison,Dragon,20.0,950.0,Pressure,,,140,85,95,145,95,130,690,,
891,Kubfu,8,Fighting,,0.6,12.0,Inner Focus,,,60,90,60,53,50,72,385,87.5,12.5
892,Urshifu,8,Fighting,Dark,1.9,105.0,Unseen Fist,,,100,130,100,63,60,97,550,87.5,12.5
893,Zarude,8,Dark,Grass,1.8,70.0,Leaf Guard,,,105,120,105,70,95,105,600,,
894,Regieleki,8,Electric,,1.2,145.0,Transistor,,,80,100,50,100,50,200,580,,
895,Regidrago,8,Dragon,,2.1,200.0,Dragon's Maw,,,200,100,50,100,50,80,580,,
896,Glastrier,8,Ice,,2.2,800.0,Chilling Neigh,,,100,145,130,65,110,30,580,,
897,Spectrier,8,Ghost,,2.0,44.5,Grim Neigh,,,100,65,60,145,80,130,580,,
898,Calyrex,8,Psychic,Grass,1.1,7.7,Unnerve,,,100,80,80,80,80,80,500,,
899,Wyrdeer,8,Normal,Psychic,1.8,95.1,Intimidate,Frisk,Sap Sipper,103,105,72,105,75,65,525,50.0,50.0
900,Kleavor,8,Bug,Rock,1.8,89.0,Swarm,Sheer Force,Sharpness,70,135,95,45,70,85,500,50.0,50.0
901,Ursaluna,8,Ground,Normal,2.4,290.0,Guts,Bulletproof,Unnerve,130,140,105,45,80,50,550,50.0,50.0
902,Basculegion,8,Water,Ghost,3.0,110.0,Swift Swim,Adaptability,Mold Breaker,120,112,65,80,75,78,530,100.0,0.0
903,Sneasler,8,Fighting,Poison,1.3,43.0,Pressure,Unburden,Poison Touch,80,130,60,40,80,120,510,50.0,50.0
904,Overqwil,8,Dark,Poison,2.5,60.5,Poison Point,Swift Swim,Intimidate,85,115,95,65,65,85,510,50.0,50.0
905,Enamorus,8,Fairy,Flying,1.6,48.0,Cute Charm,Contrary,,74,115,70,135,80,106,580,0.0,100.0
906,Sprigatito,9,Grass,,0.4,4.1,Overgrow,Protean,,40,61,54,45,45,65,310,87.5,12.5
907,Floragato,9,Grass,,0.9,12.2,Overgrow,Protean,,61,80,63,60,63,83,410,87.5,12.5
908,Meowscarada,9,Grass,Dark,1.5,31.2,Overgrow,Protean,,76,110,70,81,70,123,530,87.5,12.5
909,Fuecoco,9,Fire,,0.4,9.8,Blaze,Unaware,,67,45,59,63,40,36,310,87.5,12.5
910,Crocalor,9,Fire,,1.0,30.7,Blaze,Unaware,,81,55,78,90,58,49,411,87.5,12.5
911,Skeledirge,9,Fire,Ghost,1.6,326.5,Blaze,Unaware,,104,75,100,110,75,66,530,87.5,12.5
912,Quaxly,9,Water,,0.5,6.1,Torrent,Moxie,,55,65,45,50,45,50,310,87.5,12.5
913,Quaxwell,9,Water,,1.2,21.5,Torrent,Moxie,,70,85,65,65,60,65,410,87.5,12.5
914,Quaquaval,9,Water,Fighting,1.8,61.9,Torrent,Moxie,,85,120,80,85,75,85,530,87.5,12.5
915,Lechonk,9,Normal,,0.5,10.2,Aroma Veil,Gluttony,Thick Fat,54,45,40,35,45,35,254,50.0,50.0
916,Oinkologne,9,Normal,,1.0,120.0,Lingering Aroma,Gluttony,Thick Fat,110,100,75,59,80,65,489,100.0,0.0
917,Tarountula,9,Bug,,0.3,4.0,Insomnia,Stakeout,,35,41,45,29,40,20,210,50.0,50.0
918,Spidops,9,Bug,,1.0,16.5,Insomnia,Stakeout,,60,79,92,52,86,35,404,50.0,50.0
919,Nymble,9,Bug,,0.2,1.0,Swarm,Tinted Lens,,33,46,40,21,25,45,210,50.0,50.0
920,Lokix,9,Bug,Dark,1.0,17.5,Swarm,Tinted Lens,,71,102,78,52,55,92,450,50.0,50.0
921,Pawmi,9,Electric,,0.3,2.5,Static,Natural Cure,Iron Fist,45,50,20,40,25,60,240,50.0,50.0
922,Pawmo,9,Electric,Fighting,0.4,6.5,Volt Absorb,Natural Cure,Iron Fist,60,75,40,50,40,85,350,50.0,50.0
923,Pawmot,9,Electric,Fighting,0.9,41.0,Volt Absorb,Natural Cure,Iron Fist,70,115,70,70,60,105,490,50.0,50.0
924,Tandemaus,9,Normal,,0.3,1.8,Run Away,Pickup,Own Tempo,50,50,45,40,45,75,305,,
925,Maushold,9,Normal,,0.3,2.8,Friend Guard,Cheek Pouch,Technician,74,75,70,65,75,111,470,,
926,Fidough,9,Fairy,,0.3,10.9,Own Tempo,Klutz,,37,55,70,30,55,65,312,50.0,50.0
927,Dachsbun,9,Fairy,,0.5,14.9,Well-Baked Body,Aroma Veil,,57,80,115,50,80,95,477,50.0,50.0
928,Smoliv,9,Grass,Normal,0.3,6.5,Early Bird,Harvest,,41,35,45,58,51,30,260,50.0,50.0
929,Dolliv,9,Grass,Normal,0.6,11.9,Early Bird,Harvest,,52,53,60,78,78,33,354,50.0,50.0
930,Arboliva,9,Grass,Normal,1.4,48.2,Seed Sower,Harvest,,78,69,90,125,109,39,510,50.0,50.0
931,Squawkabilly,9,Normal,Flying,0.6,2.4,Intimidate,Hustle,Guts,82,96,51,45,51,92,417,50.0,50.0
932,Nacli,9,Rock,,0.4,16.0,Purifying Salt,Sturdy,Clear Body,55,55,75,35,35,25,280,50.0,50.0
933,Naclstack,9,Rock,,0.6,105.0,Purifying Salt,Sturdy,Clear Body,60,60,100,35,65,35,355,50.0,50.0
934,Garganacl,9,Rock,,2.3,240.0,Purifying Salt,Sturdy,Clear Body,100,100,130,45,90,35,500,50.0,50.0
935,Charcadet,9,Fire,,0.6,10.5,Flash Fire,Flame Body,,40,50,40,50,40,35,255,50.0,50.0
936,Armarouge,9,Fire,Psychic,1.5,85.0,Flash Fire,Weak Armor,,85,60,100,125,80,75,525,50.0,50.0
937,Ceruledge,9,Fire,Ghost,1.6,62.0,Flash Fire,Weak Armor,,75,125,80,60,100,85,525,50.0,50.0
938,Tadbulb,9,Electric,,0.3,0.4,Own Tempo,Static,Damp,61,31,41,59,35,45,272,50.0,50.0
939,Bellibolt,9,Electric,,1.2,113.0,Electromorphosis,Static,Damp,109,64,91,103,83,45,495,50.0,50.0
940,Wattrel,9,Electric,Flying,0.4,3.6,Wind Power,Volt Absorb,Competitive,40,40,35,55,40,70,280,50.0,50.0
941,Kilowattrel,9,Electric,Flying,1.4,38.6,Wind Power,Volt Absorb,Competitive,70,70,60,105,60,125,490,50.0,50.0
942,Maschiff,9,Dark,,0.5,16.0,Intimidate,Run Away,Stakeout,60,78,60,40,51,51,340,50.0,50.0
943,Mabosstiff,9,Dark,,1.1,61.0,Intimidate,Guard Dog,Stakeout,80,120,90,60,70,85,505,50.0,50.0
944,Shroodle,9,Poison,Normal,0.2,0.7,Unburden,Pickpocket,Prankster,40,65,35,40,35,75,290,50.0,50.0
945,Grafaiai,9,Poison,Normal,0.7,27.2,Unburden,Poison Touch,Prankster,63,95,65,80,72,110,485,50.0,50.0
946,Bramblin,9,Grass,Ghost,0.6,0.6,Wind Rider,Infiltrator,,40,65,30,45,35,60,275,50.0,50.0
947,Brambleghast,9,Grass,Ghost,1.2,6.0,Wind Rider,Infiltrator,,55,115,70,80,70,90,480,50.0,50.0
948,Toedscool,9,Ground,Grass,0.9,33.0,Mycelium Might,,,40,40,35,50,100,70,335,50.0,50.0
949,Toedscruel,9,Ground,Grass,1.9,58.0,Mycelium Might,,,80,70,65,80,120,100,515,50.0,50.0
950,Klawf,9,Rock,,1.3,79.0,Anger Shell,Shell Armor,Regenerator,70,100,115,35,55,75,450,50.0,50.0
951,Capsakid,9,Grass,,0.3,3.0,Chlorophyll,Insomnia,Klutz,50,62,40,62,40,50,304,50.0,50.0
952,Scovillain,9,Grass,Fire,0.9,15.0,Chlorophyll,Insomnia,Moody,65,108,65,108,65,75,486,50.0,50.0
953,Rellor,9,Bug,,0.2,1.0,Compound Eyes,Shed Skin,,41,50,60,31,58,30,270,50.0,50.0
954,Rabsca,9,Bug,Psychic,0.3,3.5,Synchronize,Telepathy,,75,50,85,115,100,45,470,50.0,50.0
955,Flittle,9,Psychic,,0.2,1.5,Anticipation,Frisk,Speed Boost,30,35,30,55,30,75,255,50.0,50.0
956,Espathra,9,Psychic,,1.9,90.0,Opportunist,Frisk,Speed Boost,95,60,60,101,60,105,481,50.0,50.0
957,Tinkatink,9,Fairy,Steel,0.4,8.9,Mold Breaker,Own Tempo,Pickpocket,50,45,45,35,64,58,297,0.0,100.0
958,Tinkatuff,9,Fairy,Steel,0.7,59.1,Mold Breaker,Own Tempo,Pickpocket,65,55,55,45,82,78,380,0.0,100.0
959,Tinkaton,9,Fairy,Steel,0.7,112.8,Mold Breaker,Own Tempo,Pickpocket,85,75,77,70,105,94,506,0.0,100.0
960,Wiglett,9,Water,,1.2,1.8,Gooey,Rattled,Sand Veil,10,55,25,35,25,95,245,50.0,50.0
961,Wugtrio,9,Water,,1.2,5.4,Gooey,Rattled,Sand Veil,35,100,50,50,70,120,425,50.0,50.0
962,Bombirdier,9,Flying,Dark,1.5,42.9,Big Pecks,Keen Eye,Rocky Payload,70,103,85,60,85,82,485,50.0,50.0
963,Finizen,9,Water,,1.3,60.2,Water Veil,,,70,45,40,45,40,75,315,50.0,50.0
964,Palafin,9,Water,,1.3,60.2,Zero to Hero,,,100,70,72,53,62,100,457,50.0,50.0
965,Varoom,9,Steel,Poison,1.0,35.0,Overcoat,Slow Start,,45,70,63,30,45,47,300,50.0,50.0
966,Revavroom,9,Steel,Poison,1.8,120.0,Overcoat,Filter,,80,119,90,54,67,90,500,50.0,50.0
967,Cyclizar,9,Dragon,Normal,1.6,63.0,Shed Skin,Regenerator,,70,95,65,85,65,121,501,50.0,50.0
968,Orthworm,9,Steel,,2.5,310.0,Earth Eater,Sand Veil,,70,85,145,60,55,65,480,50.0,50.0
969,Glimmet,9,Rock,Poison,0.7,8.0,Toxic Debris,Corrosion,,48,35,42,105,60,60,350,50.0,50.0
970,Glimmora,9,Rock,Poison,1.5,45.0,Toxic Debris,Corrosion,,83,55,90,130,81,86,525,50.0,50.0
971,Greavard,9,Ghost,,0.6,35.0,Pickup,Fluffy,,50,61,60,30,55,34,290,50.0,50.0
972,Houndstone,9,Ghost,,2.0,15.0,Sand Rush,Fluffy,,72,101,100,50,97,68,488,50.0,50.0
973,Flamigo,9,Flying,Fighting,1.6,37.0,Scrappy,Tangled Feet,Costar,82,115,74,75,64,90,500,50.0,50.0
974,Cetoddle,9,Ice,,1.2,45.0,Thick Fat,Snow Cloak,Sheer Force,108,68,45,30,40,43,334,50.0,50.0
975,Cetitan,9,Ice,,4.5,700.0,Thick Fat,Slush Rush,Sheer Force,170,113,65,45,55,73,521,50.0,50.0
976,Veluza,9,Water,Psychic,2.5,90.0,Mold Breaker,Sharpness,,90,102,73,78,65,70,478,50.0,50.0
977,Dondozo,9,Water,,12.0,220.0,Unaware,Oblivious,Water Veil,150,100,115,65,65,35,530,50.0,50.0
978,Tatsugiri,9,Dragon,Water,0.3,8.0,Commander,Storm Drain,,68,50,60,120,95,82,475,50.0,50.0
979,Annihilape,9,Fighting,Ghost,1.2,56.0,Vital Spirit,Inner Focus,Defiant,110,115,80,50,90,90,535,50.0,50.0
980,Clodsire,9,Poison,Ground,1.8,223.0,Poison Point,Water Absorb,Unaware,130,75,60,45,100,20,430,50.0,50.0
981,Farigiraf,9,Normal,Psychic,3.2,160.0,Cud Chew,Armor Tail,Sap Sipper,120,90,70,110,70,60,520,50.0,50.0
982,Dudunsparce,9,Normal,,3.6,39.2,Serene Grace,Run Away,Rattled,125,100,80,85,75,55,520,50.0,50.0
983,Kingambit,9,Dark,Steel,2.0,120.0,Defiant,Supreme Overlord,Pressure,100,135,120,60,85,50,550,50.0,50.0
984,Great Tusk,9,Ground,Fighting,2.2,320.0,Protosynthesis,,,115,131,131,53,53,87,570,,
985,Scream Tail,9,Fairy,Psychic,1.2,8.0,Protosynthesis,,,115,65,99,65,115,111,570,,
986,Brute Bonnet,9,Grass,Dark,1.2,21.0,Protosynthesis,,,111,127,99,79,99,55,570,,
987,Flutter Mane,9,Ghost,Fairy,1.4,4.0,Protosynthesis,,,55,55,55,135,135,135,570,,
988,Slither Wing,9,Bug,Fighting,3.2,92.0,Protosynthesis,,,85,135,79,85,105,81,570,,
989,Sandy Shocks,9,Electric,Ground,2.3,60.0,Protosynthesis,,,85,81,97,121,85,101,570,,
990,Iron Treads,9,Ground,Steel,0.9,240.0,Quark Drive,,,90,112,120,72,70,106,570,,
991,Iron Bundle,9,Ice,Water,0.6,11.0,Quark Drive,,,56,80,114,124,60,136,570,,
992,Iron Hands,9,Fighting,Electric,1.8,380.7,Quark Drive,,,154,140,108,50,68,50,570,,
993,Iron Jugulis,9,Dark,Flying,1.3,111.0,Quark Drive,,,94,80,86,122,80,108,570,,
994,Iron Moth,9,Fire,Poison,1.2,36.0,Quark Drive,,,80,70,60,140,110,110,570,,
995,Iron Thorns,9,Rock,Electric,1.6,303.0,Quark Drive,,,100,134,110,70,84,72,570,,
996,Frigibax,9,Dragon,Ice,0.5,17.0,Thermal Exchange,Ice Body,,65,75,45,35,45,55,320,50.0,50.0
997,Arctibax,9,Dragon,Ice,0.8,30.0,Thermal Exchange,Ice Body,,90,95,66,45,65,62,423,50.0,50.0
998,Baxcalibur,9,Dragon,Ice,2.1,210.0,Thermal Exchange,Ice Body,,115,145,92,75,86,87,600,50.0,50.0
999,Gimmighoul,9,Ghost,,0.3,5.0,Rattled,,,45,30,70,75,70,10,300,,
1000,Gholdengo,9,Steel,Ghost,1.2,30.0,Good as Gold,,,87,60,95,133,91,84,550,,
1001,Wo-Chien,9,Dark,Grass,1.5,74.2,Tablets of Ruin,,,85,85,100,95,135,70,570,,
1002,Chien-Pao,9,Dark,Ice,1.9,152.2,Sword of Ruin,,,80,120,80,90,65,135,570,,
1003,Ting-Lu,9,Dark,Ground,2.7,699.7,Vessel of Ruin,,,155,110,125,55,80,45,570,,
1004,Chi-Yu,9,Dark,Fire,0.4,4.9,Beads of Ruin,,,55,80,80,135,120,100,570,,
1005,Roaring Moon,9,Dragon,Dark,2.0,380.0,Protosynthesis,,,105,139,71,55,101,119,590,,
1006,Iron Valiant,9,Fairy,Fighting,1.4,35.0,Quark Drive,,,74,130,90,120,60,116,590,,
1007,Koraidon,9,Fighting,Dragon,2.5,303.0,Orichalcum Pulse,,,100,135,115,85,100,135,670,,
1008,Miraidon,9,Electric,Dragon,3.5,240.0,Hadron Engine,,,100,85,100,135,115,135,670,,
1009,Walking Wake,9,Water,Dragon,3.5,280.0,Protosynthesis,,,99,83,91,125,83,109,590,,
1010,Iron Leaves,9,Grass,Psychic,1.5,125.0,Quark Drive,,,90,130,88,70,108,104,590,,
1011,Dipplin,9,Grass,Dragon,0.4,4.4,Supersweet Syrup,Gluttony,Sticky Hold,80,80,110,95,80,40,485,50.0,50.0
1012,Poltchageist,9,Grass,Ghost,0.1,1.1,Hospitality,Heatproof,,40,45,45,74,54,50,308,,
1013,Sinistcha,9,Grass,Ghost,0.2,2.2,Hospitality,Heatproof,,71,60,106,121,80,70,508,,
1014,Okidogi,9,Poison,Fighting,1.8,92.0,Toxic Chain,Guard Dog,,88,128,115,58,86,80,555,100.0,0.0
1015,Munkidori,9,Poison,Psychic,1.0,12.2,Toxic Chain,Frisk,,88,75,66,130,90,106,555,100.0,0.0
1016,Fezandipiti,9,Poison,Fairy,1.4,30.1,Toxic Chain,Technician,,88,91,82,70,125,99,555,100.0,0.0
1017,Ogerpon,9,Grass,,1.2,39.8,Defiant,Embody Aspect,,80,120,84,60,96,110,550,0.0,100.0
1018,Archaludon,9,Steel,Dragon,2.0,60.0,Stamina,Sturdy,Stalwart,90,105,130,125,65,85,600,50.0,50.0
1019,Hydrapple,9,Grass,Dragon,1.8,93.0,Supersweet Syrup,Regenerator,Sticky Hold,106,80,110,120,80,44,540,50.0,50.0
1020,Gouging Fire,9,Fire,Dragon,3.5,590.0,Protosynthesis,,,105,115,121,65,93,91,590,,
1021,Raging Bolt,9,Electric,Dragon,5.2,480.0,Protosynthesis,,,125,73,91,137,89,75,590,,
1022,Iron Boulder,9,Rock,Psychic,1.5,162.5,Quark Drive,,,90,120,80,68,108,124,590,,
1023,Iron Crown,9,Steel,Psychic,1.6,156.0,Quark Drive,,,90,72,100,122,108,98,590,,
1024,Terapagos,9,Normal,,0.2,6.5,Tera Shift,,,90,65,85,65,85,60,450,50.0,50.0
1025,Pecharunt,9,Poison,Ghost,0.3,0.3,Poison Puppeteer,,,88,88,160,88,88,88,600,,